Code,Browser,CLDR Short Name,category
U+1F600,ğŸ˜€,grinning face,0
U+1F603,ğŸ˜ƒ,grinning face with big eyes,0
U+1F604,ğŸ˜„,grinning face with smiling eyes,0
U+1F601,ğŸ˜,beaming face with smiling eyes,0
U+1F606,ğŸ˜†,grinning squinting face,0
U+1F605,ğŸ˜…,grinning face with sweat,0
U+1F923,ğŸ¤£,rolling on the floor laughing,0
U+1F602,ğŸ˜‚,face with tears of joy,0
U+1F642,ğŸ™‚,slightly smiling face,0
U+1F643,ğŸ™ƒ,upside-down face,0
U+1FAE0,ğŸ« ,âŠ› melting face,0
U+1F609,ğŸ˜‰,winking face,0
U+1F60A,ğŸ˜Š,smiling face with smiling eyes,0
U+1F607,ğŸ˜‡,smiling face with halo,0
U+1F970,ğŸ¥°,smiling face with hearts,0
U+1F60D,ğŸ˜,smiling face with heart-eyes,0
U+1F929,ğŸ¤©,star-struck,0
U+1F618,ğŸ˜˜,face blowing a kiss,0
U+1F617,ğŸ˜—,kissing face,0
U+263A,â˜º,smiling face,0
U+1F61A,ğŸ˜š,kissing face with closed eyes,0
U+1F619,ğŸ˜™,kissing face with smiling eyes,0
U+1F972,ğŸ¥²,smiling face with tear,0
U+1F60B,ğŸ˜‹,face savoring food,0
U+1F61B,ğŸ˜›,face with tongue,0
U+1F61C,ğŸ˜œ,winking face with tongue,0
U+1F92A,ğŸ¤ª,zany face,0
U+1F61D,ğŸ˜,squinting face with tongue,0
U+1F911,ğŸ¤‘,money-mouth face,0
U+1F917,ğŸ¤—,smiling face with open hands,0
U+1F92D,ğŸ¤­,face with hand over mouth,0
U+1FAE2,ğŸ«¢,âŠ› face with open eyes and hand over mouth,0
U+1FAE3,ğŸ«£,âŠ› face with peeking eye,0
U+1F92B,ğŸ¤«,shushing face,0
U+1F914,ğŸ¤”,thinking face,0
U+1FAE1,ğŸ«¡,âŠ› saluting face,0
U+1F910,ğŸ¤,zipper-mouth face,0
U+1F928,ğŸ¤¨,face with raised eyebrow,0
U+1F610,ğŸ˜,neutral face,0
U+1F611,ğŸ˜‘,expressionless face,0
U+1F636,ğŸ˜¶,face without mouth,0
U+1FAE5,ğŸ«¥,âŠ› dotted line face,0
U+1F636,ğŸ˜¶â€ğŸŒ«ï¸,face in clouds,0
U+1F60F,ğŸ˜,smirking face,0
U+1F612,ğŸ˜’,unamused face,0
U+1F644,ğŸ™„,face with rolling eyes,0
U+1F62C,ğŸ˜¬,grimacing face,0
U+1F62E,ğŸ˜®â€ğŸ’¨,face exhaling,0
U+1F925,ğŸ¤¥,lying face,0
U+1F60C,ğŸ˜Œ,relieved face,0
U+1F614,ğŸ˜”,pensive face,0
U+1F62A,ğŸ˜ª,sleepy face,0
U+1F924,ğŸ¤¤,drooling face,0
U+1F634,ğŸ˜´,sleeping face,0
U+1F637,ğŸ˜·,face with medical mask,0
U+1F912,ğŸ¤’,face with thermometer,0
U+1F915,ğŸ¤•,face with head-bandage,0
U+1F922,ğŸ¤¢,nauseated face,0
U+1F92E,ğŸ¤®,face vomiting,0
U+1F927,ğŸ¤§,sneezing face,0
U+1F975,ğŸ¥µ,hot face,0
U+1F976,ğŸ¥¶,cold face,0
U+1F974,ğŸ¥´,woozy face,0
U+1F635,ğŸ˜µ,face with crossed-out eyes,0
U+1F635,ğŸ˜µâ€ğŸ’«,face with spiral eyes,0
U+1F92F,ğŸ¤¯,exploding head,0
U+1F920,ğŸ¤ ,cowboy hat face,0
U+1F973,ğŸ¥³,partying face,0
U+1F978,ğŸ¥¸,disguised face,0
U+1F60E,ğŸ˜,smiling face with sunglasses,0
U+1F913,ğŸ¤“,nerd face,0
U+1F9D0,ğŸ§,face with monocle,0
U+1F615,ğŸ˜•,confused face,0
U+1FAE4,ğŸ«¤,âŠ› face with diagonal mouth,0
U+1F61F,ğŸ˜Ÿ,worried face,0
U+1F641,ğŸ™,slightly frowning face,0
U+2639,â˜¹,frowning face,0
U+1F62E,ğŸ˜®,face with open mouth,0
U+1F62F,ğŸ˜¯,hushed face,0
U+1F632,ğŸ˜²,astonished face,0
U+1F633,ğŸ˜³,flushed face,0
U+1F97A,ğŸ¥º,pleading face,0
U+1F979,ğŸ¥¹,âŠ› face holding back tears,0
U+1F626,ğŸ˜¦,frowning face with open mouth,0
U+1F627,ğŸ˜§,anguished face,0
U+1F628,ğŸ˜¨,fearful face,0
U+1F630,ğŸ˜°,anxious face with sweat,0
U+1F625,ğŸ˜¥,sad but relieved face,0
U+1F622,ğŸ˜¢,crying face,0
U+1F62D,ğŸ˜­,loudly crying face,0
U+1F631,ğŸ˜±,face screaming in fear,0
U+1F616,ğŸ˜–,confounded face,0
U+1F623,ğŸ˜£,persevering face,0
U+1F61E,ğŸ˜,disappointed face,0
U+1F613,ğŸ˜“,downcast face with sweat,0
U+1F629,ğŸ˜©,weary face,0
U+1F62B,ğŸ˜«,tired face,0
U+1F971,ğŸ¥±,yawning face,0
U+1F624,ğŸ˜¤,face with steam from nose,0
U+1F621,ğŸ˜¡,pouting face,0
U+1F620,ğŸ˜ ,angry face,ì•…í”Œ/ìš•ì„¤
U+1F92C,ğŸ¤¬,face with symbols on mouth,0
U+1F608,ğŸ˜ˆ,smiling face with horns,ì•…í”Œ/ìš•ì„¤
U+1F47F,ğŸ‘¿,angry face with horns,0
U+1F480,ğŸ’€,skull,0
U+2620,â˜ ,skull and crossbones,0
U+1F4A9,ğŸ’©,pile of poo,0
U+1F921,ğŸ¤¡,clown face,0
U+1F479,ğŸ‘¹,ogre,ì¸ì¢…/êµ­ì 
U+1F47A,ğŸ‘º,goblin,ì¸ì¢…/êµ­ì 
U+1F47B,ğŸ‘»,ghost,ì¸ì¢…/êµ­ì 
U+1F47D,ğŸ‘½,alien,0
U+1F47E,ğŸ‘¾,alien monster,ì¸ì¢…/êµ­ì 
U+1F916,ğŸ¤–,robot,0
U+1F63A,ğŸ˜º,grinning cat,ì¸ì¢…/êµ­ì 
U+1F638,ğŸ˜¸,grinning cat with smiling eyes,0
U+1F639,ğŸ˜¹,cat with tears of joy,0
U+1F63B,ğŸ˜»,smiling cat with heart-eyes,0
U+1F63C,ğŸ˜¼,cat with wry smile,0
U+1F63D,ğŸ˜½,kissing cat,0
U+1F640,ğŸ™€,weary cat,0
U+1F63F,ğŸ˜¿,crying cat,0
U+1F63E,ğŸ˜¾,pouting cat,0
U+1F648,ğŸ™ˆ,see-no-evil monkey,0
U+1F649,ğŸ™‰,hear-no-evil monkey,0
U+1F64A,ğŸ™Š,speak-no-evil monkey,0
U+1F48B,ğŸ’‹,kiss mark,0
U+1F48C,ğŸ’Œ,love letter,0
U+1F498,ğŸ’˜,heart with arrow,0
U+1F49D,ğŸ’,heart with ribbon,0
U+1F496,ğŸ’–,sparkling heart,ê¸°íƒ€
U+1F497,ğŸ’—,growing heart,ê¸°íƒ€
U+1F493,ğŸ’“,beating heart,ê¸°íƒ€
U+1F49E,ğŸ’,revolving hearts,ê¸°íƒ€
U+1F495,ğŸ’•,two hearts,ê¸°íƒ€
U+1F49F,ğŸ’Ÿ,heart decoration,ê¸°íƒ€
U+2763,â£,heart exclamation,ê¸°íƒ€
U+1F494,ğŸ’”,broken heart,0
U+2764 ,â¤ï¸â€ğŸ”¥,heart on fire,0
U+2764 ,â¤ï¸â€ğŸ©¹,mending heart,0
U+2764,â¤,red heart,0
U+1F9E1,ğŸ§¡,orange heart,0
U+1F49B,ğŸ’›,yellow heart,0
U+1F49A,ğŸ’š,green heart,ê¸°íƒ€
U+1F499,ğŸ’™,blue heart,ê¸°íƒ€
U+1F49C,ğŸ’œ,purple heart,ê¸°íƒ€
U+1F90E,ğŸ¤,brown heart,ê¸°íƒ€
U+1F5A4,ğŸ–¤,black heart,0
U+1F90D,ğŸ¤,white heart,0
U+1F4AF,ğŸ’¯,hundred points,ì¸ì¢…/êµ­ì 
U+1F4A2,ğŸ’¢,anger symbol,0
U+1F4A5,ğŸ’¥,collision,0
U+1F4AB,ğŸ’«,dizzy,0
U+1F4A6,ğŸ’¦,sweat droplets,0
U+1F4A8,ğŸ’¨,dashing away,0
U+1F573,ğŸ•³,hole,0
U+1F4A3,ğŸ’£,bomb,0
U+1F4AC,ğŸ’¬,speech balloon,0
U+1F441,ğŸ‘ï¸â€ğŸ—¨ï¸,eye in speech bubble,0
U+1F5E8,ğŸ—¨,left speech bubble,0
U+1F5EF,ğŸ—¯,right anger bubble,0
U+1F4AD,ğŸ’­,thought balloon,0
U+1F4A4,ğŸ’¤,zzz,0
U+1F44B,ğŸ‘‹,waving hand,0
U+1F91A,ğŸ¤š,raised back of hand,0
U+1F590,ğŸ–,hand with fingers splayed,0
U+270B,âœ‹,raised hand,0
U+1F596,ğŸ––,vulcan salute,0
U+1FAF1,ğŸ«±,âŠ› rightwards hand,0
U+1FAF2,ğŸ«²,âŠ› leftwards hand,0
U+1FAF3,ğŸ«³,âŠ› palm down hand,0
U+1FAF4,ğŸ«´,âŠ› palm up hand,0
U+1F44C,ğŸ‘Œ,OK hand,0
U+1F90C,ğŸ¤Œ,pinched fingers,0
U+1F90F,ğŸ¤,pinching hand,0
U+270C,âœŒ,victory hand,0
U+1F91E,ğŸ¤,crossed fingers,0
U+1FAF0,ğŸ«°,âŠ› hand with index finger and thumb crossed,0
U+1F91F,ğŸ¤Ÿ,love-you gesture,0
U+1F918,ğŸ¤˜,sign of the horns,0
U+1F919,ğŸ¤™,call me hand,0
U+1F448,ğŸ‘ˆ,backhand index pointing left,0
U+1F449,ğŸ‘‰,backhand index pointing right,ê°œì¸ì§€ì¹­
U+1F446,ğŸ‘†,backhand index pointing up,ê°œì¸ì§€ì¹­
U+1F595,ğŸ–•,middle finger,0
U+1F447,ğŸ‘‡,backhand index pointing down,0
U+261D,â˜,index pointing up,0
U+1FAF5,ğŸ«µ,âŠ› index pointing at the viewer,0
U+1F44D,ğŸ‘,thumbs up,0
U+1F44E,ğŸ‘,thumbs down,0
U+270A,âœŠ,raised fist,0
U+1F44A,ğŸ‘Š,oncoming fist,0
U+1F91B,ğŸ¤›,left-facing fist,0
U+1F91C,ğŸ¤œ,right-facing fist,0
U+1F44F,ğŸ‘,clapping hands,0
U+1F64C,ğŸ™Œ,raising hands,0
U+1FAF6,ğŸ«¶,âŠ› heart hands,0
U+1F450,ğŸ‘,open hands,0
U+1F932,ğŸ¤²,palms up together,0
U+1F91D,ğŸ¤,handshake,0
U+1F64F,ğŸ™,folded hands,0
U+270D,âœ,writing hand,0
U+1F485,ğŸ’…,nail polish,0
U+1F933,ğŸ¤³,selfie,0
U+1F4AA,ğŸ’ª,flexed biceps,0
U+1F9BE,ğŸ¦¾,mechanical arm,0
U+1F9BF,ğŸ¦¿,mechanical leg,0
U+1F9B5,ğŸ¦µ,leg,0
U+1F9B6,ğŸ¦¶,foot,0
U+1F442,ğŸ‘‚,ear,0
U+1F9BB,ğŸ¦»,ear with hearing aid,0
U+1F443,ğŸ‘ƒ,nose,0
U+1F9E0,ğŸ§ ,brain,0
U+1FAC0,ğŸ«€,anatomical heart,0
U+1FAC1,ğŸ«,lungs,0
U+1F9B7,ğŸ¦·,tooth,0
U+1F9B4,ğŸ¦´,bone,0
U+1F440,ğŸ‘€,eyes,0
U+1F441,ğŸ‘,eye,0
U+1F445,ğŸ‘…,tongue,0
U+1F444,ğŸ‘„,mouth,0
U+1FAE6,ğŸ«¦,âŠ› biting lip,0
U+1F476,ğŸ‘¶,baby,0
U+1F9D2,ğŸ§’,child,ì—°ë ¹
U+1F466,ğŸ‘¦,boy,ì—°ë ¹
U+1F467,ğŸ‘§,girl,ì—°ë ¹
U+1F9D1,ğŸ§‘,person,ì—°ë ¹
U+1F471,ğŸ‘±,person: blond hair,0
U+1F468,ğŸ‘¨,man,0
U+1F9D4,ğŸ§”,person: beard,ë‚¨ì„±
U+1F9D4,ğŸ§”â€â™‚ï¸,man: beard,0
U+1F9D4,ğŸ§”â€â™€ï¸,woman: beard,ë‚¨ì„±
U+1F468,ğŸ‘¨â€ğŸ¦°,man: red hair,0
U+1F468,ğŸ‘¨â€ğŸ¦±,man: curly hair,ë‚¨ì„±
U+1F468,ğŸ‘¨â€ğŸ¦³,man: white hair,ë‚¨ì„±
U+1F468,ğŸ‘¨â€ğŸ¦²,man: bald,ì—°ë ¹
U+1F469,ğŸ‘©,woman,ë‚¨ì„±
U+1F469,ğŸ‘©â€ğŸ¦°,woman: red hair,ì—¬ì„±/ê°€ì¡±
U+1F9D1,ğŸ§‘â€ğŸ¦°,person: red hair,ì—¬ì„±/ê°€ì¡±
U+1F469,ğŸ‘©â€ğŸ¦±,woman: curly hair,0
U+1F9D1,ğŸ§‘â€ğŸ¦±,person: curly hair,ì—¬ì„±/ê°€ì¡±
U+1F469,ğŸ‘©â€ğŸ¦³,woman: white hair,0
U+1F9D1,ğŸ§‘â€ğŸ¦³,person: white hair,ì—¬ì„±/ê°€ì¡±
U+1F469,ğŸ‘©â€ğŸ¦²,woman: bald,0
U+1F9D1,ğŸ§‘â€ğŸ¦²,person: bald,0
U+1F471,ğŸ‘±â€â™€ï¸,woman: blond hair,0
U+1F471,ğŸ‘±â€â™‚ï¸,man: blond hair,ì—¬ì„±/ê°€ì¡±
U+1F9D3,ğŸ§“,older person,ë‚¨ì„±
U+1F474,ğŸ‘´,old man,ì—°ë ¹
U+1F475,ğŸ‘µ,old woman,ì—°ë ¹
U+1F64D,ğŸ™,person frowning,ì—°ë ¹
U+1F64D,ğŸ™â€â™‚ï¸,man frowning,0
U+1F64D,ğŸ™â€â™€ï¸,woman frowning,ë‚¨ì„±
U+1F64E,ğŸ™,person pouting,ì—¬ì„±/ê°€ì¡±
U+1F64E,ğŸ™â€â™‚ï¸,man pouting,0
U+1F64E,ğŸ™â€â™€ï¸,woman pouting,ë‚¨ì„±
U+1F645,ğŸ™…,person gesturing NO,ì—¬ì„±/ê°€ì¡±
U+1F645,ğŸ™…â€â™‚ï¸,man gesturing NO,0
U+1F645,ğŸ™…â€â™€ï¸,woman gesturing NO,ë‚¨ì„±
U+1F646,ğŸ™†,person gesturing OK,ì—¬ì„±/ê°€ì¡±
U+1F646,ğŸ™†â€â™‚ï¸,man gesturing OK,0
U+1F646,ğŸ™†â€â™€ï¸,woman gesturing OK,ë‚¨ì„±
U+1F481,ğŸ’,person tipping hand,ì—¬ì„±/ê°€ì¡±
U+1F481,ğŸ’â€â™‚ï¸,man tipping hand,0
U+1F481,ğŸ’â€â™€ï¸,woman tipping hand,ë‚¨ì„±
U+1F64B,ğŸ™‹,person raising hand,ì—¬ì„±/ê°€ì¡±
U+1F64B,ğŸ™‹â€â™‚ï¸,man raising hand,0
U+1F64B,ğŸ™‹â€â™€ï¸,woman raising hand,ë‚¨ì„±
U+1F9CF,ğŸ§,deaf person,ì—¬ì„±/ê°€ì¡±
U+1F9CF,ğŸ§â€â™‚ï¸,deaf man,0
U+1F9CF,ğŸ§â€â™€ï¸,deaf woman,0
U+1F647,ğŸ™‡,person bowing,0
U+1F647,ğŸ™‡â€â™‚ï¸,man bowing,0
U+1F647,ğŸ™‡â€â™€ï¸,woman bowing,0
U+1F926,ğŸ¤¦,person facepalming,0
U+1F926,ğŸ¤¦â€â™‚ï¸,man facepalming,0
U+1F926,ğŸ¤¦â€â™€ï¸,woman facepalming,ë‚¨ì„±
U+1F937,ğŸ¤·,person shrugging,ì—¬ì„±/ê°€ì¡±
U+1F937,ğŸ¤·â€â™‚ï¸,man shrugging,0
U+1F937,ğŸ¤·â€â™€ï¸,woman shrugging,ë‚¨ì„±
U+1F9D1,ğŸ§‘â€âš•ï¸,health worker,ì—¬ì„±/ê°€ì¡±
U+1F468,ğŸ‘¨â€âš•ï¸,man health worker,0
U+1F469,ğŸ‘©â€âš•ï¸,woman health worker,0
U+1F9D1,ğŸ§‘â€ğŸ“,student,0
U+1F468,ğŸ‘¨â€ğŸ“,man student,0
U+1F469,ğŸ‘©â€ğŸ“,woman student,0
U+1F9D1,ğŸ§‘â€ğŸ«,teacher,0
U+1F468,ğŸ‘¨â€ğŸ«,man teacher,0
U+1F469,ğŸ‘©â€ğŸ«,woman teacher,0
U+1F9D1,ğŸ§‘â€âš–ï¸,judge,0
U+1F468,ğŸ‘¨â€âš–ï¸,man judge,0
U+1F469,ğŸ‘©â€âš–ï¸,woman judge,0
U+1F9D1,ğŸ§‘â€ğŸŒ¾,farmer,0
U+1F468,ğŸ‘¨â€ğŸŒ¾,man farmer,0
U+1F469,ğŸ‘©â€ğŸŒ¾,woman farmer,0
U+1F9D1,ğŸ§‘â€ğŸ³,cook,0
U+1F468,ğŸ‘¨â€ğŸ³,man cook,0
U+1F469,ğŸ‘©â€ğŸ³,woman cook,0
U+1F9D1,ğŸ§‘â€ğŸ”§,mechanic,0
U+1F468,ğŸ‘¨â€ğŸ”§,man mechanic,0
U+1F469,ğŸ‘©â€ğŸ”§,woman mechanic,0
U+1F9D1,ğŸ§‘â€ğŸ­,factory worker,0
U+1F468,ğŸ‘¨â€ğŸ­,man factory worker,0
U+1F469,ğŸ‘©â€ğŸ­,woman factory worker,0
U+1F9D1,ğŸ§‘â€ğŸ’¼,office worker,0
U+1F468,ğŸ‘¨â€ğŸ’¼,man office worker,0
U+1F469,ğŸ‘©â€ğŸ’¼,woman office worker,0
U+1F9D1,ğŸ§‘â€ğŸ”¬,scientist,0
U+1F468,ğŸ‘¨â€ğŸ”¬,man scientist,0
U+1F469,ğŸ‘©â€ğŸ”¬,woman scientist,0
U+1F9D1,ğŸ§‘â€ğŸ’»,technologist,0
U+1F468,ğŸ‘¨â€ğŸ’»,man technologist,0
U+1F469,ğŸ‘©â€ğŸ’»,woman technologist,0
U+1F9D1,ğŸ§‘â€ğŸ¤,singer,0
U+1F468,ğŸ‘¨â€ğŸ¤,man singer,0
U+1F469,ğŸ‘©â€ğŸ¤,woman singer,0
U+1F9D1,ğŸ§‘â€ğŸ¨,artist,0
U+1F468,ğŸ‘¨â€ğŸ¨,man artist,0
U+1F469,ğŸ‘©â€ğŸ¨,woman artist,0
U+1F9D1,ğŸ§‘â€âœˆï¸,pilot,0
U+1F468,ğŸ‘¨â€âœˆï¸,man pilot,0
U+1F469,ğŸ‘©â€âœˆï¸,woman pilot,0
U+1F9D1,ğŸ§‘â€ğŸš€,astronaut,0
U+1F468,ğŸ‘¨â€ğŸš€,man astronaut,0
U+1F469,ğŸ‘©â€ğŸš€,woman astronaut,0
U+1F9D1,ğŸ§‘â€ğŸš’,firefighter,0
U+1F468,ğŸ‘¨â€ğŸš’,man firefighter,0
U+1F469,ğŸ‘©â€ğŸš’,woman firefighter,0
U+1F46E,ğŸ‘®,police officer,0
U+1F46E,ğŸ‘®â€â™‚ï¸,man police officer,0
U+1F46E,ğŸ‘®â€â™€ï¸,woman police officer,0
U+1F575,ğŸ•µ,detective,0
U+1F575,ğŸ•µï¸â€â™‚ï¸,man detective,0
U+1F575,ğŸ•µï¸â€â™€ï¸,woman detective,0
U+1F482,ğŸ’‚,guard,0
U+1F482,ğŸ’‚â€â™‚ï¸,man guard,0
U+1F482,ğŸ’‚â€â™€ï¸,woman guard,0
U+1F977,ğŸ¥·,ninja,0
U+1F477,ğŸ‘·,construction worker,0
U+1F477,ğŸ‘·â€â™‚ï¸,man construction worker,0
U+1F477,ğŸ‘·â€â™€ï¸,woman construction worker,0
U+1FAC5,ğŸ«…,âŠ› person with crown,0
U+1F934,ğŸ¤´,prince,0
U+1F478,ğŸ‘¸,princess,0
U+1F473,ğŸ‘³,person wearing turban,0
U+1F473,ğŸ‘³â€â™‚ï¸,man wearing turban,0
U+1F473,ğŸ‘³â€â™€ï¸,woman wearing turban,ë‚¨ì„±
U+1F472,ğŸ‘²,person with skullcap,0
U+1F9D5,ğŸ§•,woman with headscarf,0
U+1F935,ğŸ¤µ,person in tuxedo,0
U+1F935,ğŸ¤µâ€â™‚ï¸,man in tuxedo,0
U+1F935,ğŸ¤µâ€â™€ï¸,woman in tuxedo,0
U+1F470,ğŸ‘°,person with veil,0
U+1F470,ğŸ‘°â€â™‚ï¸,man with veil,0
U+1F470,ğŸ‘°â€â™€ï¸,woman with veil,0
U+1F930,ğŸ¤°,pregnant woman,0
U+1FAC3,ğŸ«ƒ,âŠ› pregnant man,ì—¬ì„±/ê°€ì¡±
U+1FAC4,ğŸ«„,âŠ› pregnant person,0
U+1F931,ğŸ¤±,breast-feeding,0
U+1F469,ğŸ‘©â€ğŸ¼,woman feeding baby,0
U+1F468,ğŸ‘¨â€ğŸ¼,man feeding baby,0
U+1F9D1,ğŸ§‘â€ğŸ¼,person feeding baby,0
U+1F47C,ğŸ‘¼,baby angel,0
U+1F385,ğŸ…,Santa Claus,0
U+1F936,ğŸ¤¶,Mrs. Claus,0
U+1F9D1,ğŸ§‘â€ğŸ„,mx claus,0
U+1F9B8,ğŸ¦¸,superhero,0
U+1F9B8,ğŸ¦¸â€â™‚ï¸,man superhero,0
U+1F9B8,ğŸ¦¸â€â™€ï¸,woman superhero,0
U+1F9B9,ğŸ¦¹,supervillain,0
U+1F9B9,ğŸ¦¹â€â™‚ï¸,man supervillain,0
U+1F9B9,ğŸ¦¹â€â™€ï¸,woman supervillain,0
U+1F9D9,ğŸ§™,mage,0
U+1F9D9,ğŸ§™â€â™‚ï¸,man mage,0
U+1F9D9,ğŸ§™â€â™€ï¸,woman mage,0
U+1F9DA,ğŸ§š,fairy,0
U+1F9DA,ğŸ§šâ€â™‚ï¸,man fairy,0
U+1F9DA,ğŸ§šâ€â™€ï¸,woman fairy,0
U+1F9DB,ğŸ§›,vampire,0
U+1F9DB,ğŸ§›â€â™‚ï¸,man vampire,0
U+1F9DB,ğŸ§›â€â™€ï¸,woman vampire,0
U+1F9DC,ğŸ§œ,merperson,0
U+1F9DC,ğŸ§œâ€â™‚ï¸,merman,0
U+1F9DC,ğŸ§œâ€â™€ï¸,mermaid,0
U+1F9DD,ğŸ§,elf,0
U+1F9DD,ğŸ§â€â™‚ï¸,man elf,0
U+1F9DD,ğŸ§â€â™€ï¸,woman elf,0
U+1F9DE,ğŸ§,genie,ì—¬ì„±/ê°€ì¡±
U+1F9DE,ğŸ§â€â™‚ï¸,man genie,0
U+1F9DE,ğŸ§â€â™€ï¸,woman genie,0
U+1F9DF,ğŸ§Ÿ,zombie,0
U+1F9DF,ğŸ§Ÿâ€â™‚ï¸,man zombie,0
U+1F9DF,ğŸ§Ÿâ€â™€ï¸,woman zombie,0
U+1F9CC,ğŸ§Œ,âŠ› troll,0
U+1F486,ğŸ’†,person getting massage,0
U+1F486,ğŸ’†â€â™‚ï¸,man getting massage,0
U+1F486,ğŸ’†â€â™€ï¸,woman getting massage,0
U+1F487,ğŸ’‡,person getting haircut,0
U+1F487,ğŸ’‡â€â™‚ï¸,man getting haircut,0
U+1F487,ğŸ’‡â€â™€ï¸,woman getting haircut,0
U+1F6B6,ğŸš¶,person walking,ì—¬ì„±/ê°€ì¡±
U+1F6B6,ğŸš¶â€â™‚ï¸,man walking,0
U+1F6B6,ğŸš¶â€â™€ï¸,woman walking,0
U+1F9CD,ğŸ§,person standing,0
U+1F9CD,ğŸ§â€â™‚ï¸,man standing,0
U+1F9CD,ğŸ§â€â™€ï¸,woman standing,0
U+1F9CE,ğŸ§,person kneeling,0
U+1F9CE,ğŸ§â€â™‚ï¸,man kneeling,0
U+1F9CE,ğŸ§â€â™€ï¸,woman kneeling,0
U+1F9D1,ğŸ§‘â€ğŸ¦¯,person with white cane,0
U+1F468,ğŸ‘¨â€ğŸ¦¯,man with white cane,0
U+1F469,ğŸ‘©â€ğŸ¦¯,woman with white cane,0
U+1F9D1,ğŸ§‘â€ğŸ¦¼,person in motorized wheelchair,0
U+1F468,ğŸ‘¨â€ğŸ¦¼,man in motorized wheelchair,0
U+1F469,ğŸ‘©â€ğŸ¦¼,woman in motorized wheelchair,0
U+1F9D1,ğŸ§‘â€ğŸ¦½,person in manual wheelchair,0
U+1F468,ğŸ‘¨â€ğŸ¦½,man in manual wheelchair,0
U+1F469,ğŸ‘©â€ğŸ¦½,woman in manual wheelchair,0
U+1F3C3,ğŸƒ,person running,0
U+1F3C3,ğŸƒâ€â™‚ï¸,man running,0
U+1F3C3,ğŸƒâ€â™€ï¸,woman running,0
U+1F483,ğŸ’ƒ,woman dancing,0
U+1F57A,ğŸ•º,man dancing,0
U+1F574,ğŸ•´,person in suit levitating,0
U+1F46F,ğŸ‘¯,people with bunny ears,0
U+1F46F,ğŸ‘¯â€â™‚ï¸,men with bunny ears,0
U+1F46F,ğŸ‘¯â€â™€ï¸,women with bunny ears,0
U+1F9D6,ğŸ§–,person in steamy room,0
U+1F9D6,ğŸ§–â€â™‚ï¸,man in steamy room,0
U+1F9D6,ğŸ§–â€â™€ï¸,woman in steamy room,0
U+1F9D7,ğŸ§—,person climbing,0
U+1F9D7,ğŸ§—â€â™‚ï¸,man climbing,0
U+1F9D7,ğŸ§—â€â™€ï¸,woman climbing,0
U+1F93A,ğŸ¤º,person fencing,0
U+1F3C7,ğŸ‡,horse racing,0
U+26F7,â›·,skier,0
U+1F3C2,ğŸ‚,snowboarder,0
U+1F3CC,ğŸŒ,person golfing,0
U+1F3CC,ğŸŒï¸â€â™‚ï¸,man golfing,0
U+1F3CC,ğŸŒï¸â€â™€ï¸,woman golfing,0
U+1F3C4,ğŸ„,person surfing,0
U+1F3C4,ğŸ„â€â™‚ï¸,man surfing,0
U+1F3C4,ğŸ„â€â™€ï¸,woman surfing,0
U+1F6A3,ğŸš£,person rowing boat,0
U+1F6A3,ğŸš£â€â™‚ï¸,man rowing boat,0
U+1F6A3,ğŸš£â€â™€ï¸,woman rowing boat,0
U+1F3CA,ğŸŠ,person swimming,0
U+1F3CA,ğŸŠâ€â™‚ï¸,man swimming,0
U+1F3CA,ğŸŠâ€â™€ï¸,woman swimming,0
U+26F9,â›¹,person bouncing ball,0
U+26F9 ,â›¹ï¸â€â™‚ï¸,man bouncing ball,0
U+26F9 ,â›¹ï¸â€â™€ï¸,woman bouncing ball,0
U+1F3CB,ğŸ‹,person lifting weights,0
U+1F3CB,ğŸ‹ï¸â€â™‚ï¸,man lifting weights,0
U+1F3CB,ğŸ‹ï¸â€â™€ï¸,woman lifting weights,0
U+1F6B4,ğŸš´,person biking,0
U+1F6B4,ğŸš´â€â™‚ï¸,man biking,0
U+1F6B4,ğŸš´â€â™€ï¸,woman biking,0
U+1F6B5,ğŸšµ,person mountain biking,0
U+1F6B5,ğŸšµâ€â™‚ï¸,man mountain biking,0
U+1F6B5,ğŸšµâ€â™€ï¸,woman mountain biking,0
U+1F938,ğŸ¤¸,person cartwheeling,0
U+1F938,ğŸ¤¸â€â™‚ï¸,man cartwheeling,0
U+1F938,ğŸ¤¸â€â™€ï¸,woman cartwheeling,0
U+1F93C,ğŸ¤¼,people wrestling,0
U+1F93C,ğŸ¤¼â€â™‚ï¸,men wrestling,0
U+1F93C,ğŸ¤¼â€â™€ï¸,women wrestling,0
U+1F93D,ğŸ¤½,person playing water polo,0
U+1F93D,ğŸ¤½â€â™‚ï¸,man playing water polo,0
U+1F93D,ğŸ¤½â€â™€ï¸,woman playing water polo,0
U+1F93E,ğŸ¤¾,person playing handball,0
U+1F93E,ğŸ¤¾â€â™‚ï¸,man playing handball,0
U+1F93E,ğŸ¤¾â€â™€ï¸,woman playing handball,0
U+1F939,ğŸ¤¹,person juggling,0
U+1F939,ğŸ¤¹â€â™‚ï¸,man juggling,0
U+1F939,ğŸ¤¹â€â™€ï¸,woman juggling,0
U+1F9D8,ğŸ§˜,person in lotus position,0
U+1F9D8,ğŸ§˜â€â™‚ï¸,man in lotus position,0
U+1F9D8,ğŸ§˜â€â™€ï¸,woman in lotus position,0
U+1F6C0,ğŸ›€,person taking bath,0
U+1F6CC,ğŸ›Œ,person in bed,0
U+1F9D1,ğŸ§‘â€ğŸ¤â€ğŸ§‘,people holding hands,0
U+1F46D,ğŸ‘­,women holding hands,0
U+1F46B,ğŸ‘«,woman and man holding hands,0
U+1F46C,ğŸ‘¬,men holding hands,0
U+1F48F,ğŸ’,kiss,0
U+1F469,ğŸ‘©â€â¤ï¸â€ğŸ’‹â€ğŸ‘¨,"kiss: woman, man",0
U+1F468,ğŸ‘¨â€â¤ï¸â€ğŸ’‹â€ğŸ‘¨,"kiss: man, man",0
U+1F469,ğŸ‘©â€â¤ï¸â€ğŸ’‹â€ğŸ‘©,"kiss: woman, woman",ì„±ì†Œìˆ˜ì
U+1F491,ğŸ’‘,couple with heart,ì„±ì†Œìˆ˜ì
U+1F469,ğŸ‘©â€â¤ï¸â€ğŸ‘¨,"couple with heart: woman, man",0
U+1F468,ğŸ‘¨â€â¤ï¸â€ğŸ‘¨,"couple with heart: man, man",0
U+1F469,ğŸ‘©â€â¤ï¸â€ğŸ‘©,"couple with heart: woman, woman",ì„±ì†Œìˆ˜ì
U+1F46A,ğŸ‘ª,family,ì„±ì†Œìˆ˜ì
U+1F468,ğŸ‘¨â€ğŸ‘©â€ğŸ‘¦,"family: man, woman, boy",ì—¬ì„±/ê°€ì¡±
U+1F468,ğŸ‘¨â€ğŸ‘©â€ğŸ‘§,"family: man, woman, girl",ì—¬ì„±/ê°€ì¡±
U+1F468,ğŸ‘¨â€ğŸ‘©â€ğŸ‘§â€ğŸ‘¦,"family: man, woman, girl, boy",ì—¬ì„±/ê°€ì¡±
U+1F468,ğŸ‘¨â€ğŸ‘©â€ğŸ‘¦â€ğŸ‘¦,"family: man, woman, boy, boy",ì—¬ì„±/ê°€ì¡±
U+1F468,ğŸ‘¨â€ğŸ‘©â€ğŸ‘§â€ğŸ‘§,"family: man, woman, girl, girl",ì—¬ì„±/ê°€ì¡±
U+1F468,ğŸ‘¨â€ğŸ‘¨â€ğŸ‘¦,"family: man, man, boy",ì—¬ì„±/ê°€ì¡±
U+1F468,ğŸ‘¨â€ğŸ‘¨â€ğŸ‘§,"family: man, man, girl",ì„±ì†Œìˆ˜ì
U+1F468,ğŸ‘¨â€ğŸ‘¨â€ğŸ‘§â€ğŸ‘¦,"family: man, man, girl, boy",ì—¬ì„±/ê°€ì¡±
U+1F468,ğŸ‘¨â€ğŸ‘¨â€ğŸ‘¦â€ğŸ‘¦,"family: man, man, boy, boy",ì„±ì†Œìˆ˜ì
U+1F468,ğŸ‘¨â€ğŸ‘¨â€ğŸ‘§â€ğŸ‘§,"family: man, man, girl, girl",ì„±ì†Œìˆ˜ì
U+1F469,ğŸ‘©â€ğŸ‘©â€ğŸ‘¦,"family: woman, woman, boy",ì—¬ì„±/ê°€ì¡±
U+1F469,ğŸ‘©â€ğŸ‘©â€ğŸ‘§,"family: woman, woman, girl",ì„±ì†Œìˆ˜ì
U+1F469,ğŸ‘©â€ğŸ‘©â€ğŸ‘§â€ğŸ‘¦,"family: woman, woman, girl, boy",ì„±ì†Œìˆ˜ì
U+1F469,ğŸ‘©â€ğŸ‘©â€ğŸ‘¦â€ğŸ‘¦,"family: woman, woman, boy, boy",ì„±ì†Œìˆ˜ì
U+1F469,ğŸ‘©â€ğŸ‘©â€ğŸ‘§â€ğŸ‘§,"family: woman, woman, girl, girl",ì„±ì†Œìˆ˜ì
U+1F468,ğŸ‘¨â€ğŸ‘¦,"family: man, boy",ì—¬ì„±/ê°€ì¡±
U+1F468,ğŸ‘¨â€ğŸ‘¦â€ğŸ‘¦,"family: man, boy, boy",ì—¬ì„±/ê°€ì¡±
U+1F468,ğŸ‘¨â€ğŸ‘§,"family: man, girl",ì—¬ì„±/ê°€ì¡±
U+1F468,ğŸ‘¨â€ğŸ‘§â€ğŸ‘¦,"family: man, girl, boy",ì—¬ì„±/ê°€ì¡±
U+1F468,ğŸ‘¨â€ğŸ‘§â€ğŸ‘§,"family: man, girl, girl",ì—¬ì„±/ê°€ì¡±
U+1F469,ğŸ‘©â€ğŸ‘¦,"family: woman, boy",ì—¬ì„±/ê°€ì¡±
U+1F469,ğŸ‘©â€ğŸ‘¦â€ğŸ‘¦,"family: woman, boy, boy",ì—¬ì„±/ê°€ì¡±
U+1F469,ğŸ‘©â€ğŸ‘§,"family: woman, girl",ì—¬ì„±/ê°€ì¡±
U+1F469,ğŸ‘©â€ğŸ‘§â€ğŸ‘¦,"family: woman, girl, boy",ì—¬ì„±/ê°€ì¡±
U+1F469,ğŸ‘©â€ğŸ‘§â€ğŸ‘§,"family: woman, girl, girl",ì—¬ì„±/ê°€ì¡±
U+1F5E3,ğŸ—£,speaking head,0
U+1F464,ğŸ‘¤,bust in silhouette,0
U+1F465,ğŸ‘¥,busts in silhouette,0
U+1FAC2,ğŸ«‚,people hugging,0
U+1F463,ğŸ‘£,footprints,0
U+1F9B0,ğŸ¦°,red hair,0
U+1F9B1,ğŸ¦±,curly hair,0
U+1F9B3,ğŸ¦³,white hair,0
U+1F9B2,ğŸ¦²,bald,0
U+1F435,ğŸµ,monkey face,0
U+1F412,ğŸ’,monkey,0
U+1F98D,ğŸ¦,gorilla,0
U+1F9A7,ğŸ¦§,orangutan,0
U+1F436,ğŸ¶,dog face,0
U+1F415,ğŸ•,dog,0
U+1F9AE,ğŸ¦®,guide dog,0
U+1F415,ğŸ•â€ğŸ¦º,service dog,0
U+1F429,ğŸ©,poodle,0
U+1F43A,ğŸº,wolf,0
U+1F98A,ğŸ¦Š,fox,0
U+1F99D,ğŸ¦,raccoon,0
U+1F431,ğŸ±,cat face,0
U+1F408,ğŸˆ,cat,0
U+1F408,ğŸˆâ€â¬›,black cat,0
U+1F981,ğŸ¦,lion,0
U+1F42F,ğŸ¯,tiger face,0
U+1F405,ğŸ…,tiger,0
U+1F406,ğŸ†,leopard,0
U+1F434,ğŸ´,horse face,0
U+1F40E,ğŸ,horse,0
U+1F984,ğŸ¦„,unicorn,0
U+1F993,ğŸ¦“,zebra,0
U+1F98C,ğŸ¦Œ,deer,0
U+1F9AC,ğŸ¦¬,bison,0
U+1F42E,ğŸ®,cow face,0
U+1F402,ğŸ‚,ox,0
U+1F403,ğŸƒ,water buffalo,0
U+1F404,ğŸ„,cow,0
U+1F437,ğŸ·,pig face,0
U+1F416,ğŸ–,pig,0
U+1F417,ğŸ—,boar,0
U+1F43D,ğŸ½,pig nose,0
U+1F40F,ğŸ,ram,0
U+1F411,ğŸ‘,ewe,0
U+1F410,ğŸ,goat,0
U+1F42A,ğŸª,camel,0
U+1F42B,ğŸ«,two-hump camel,0
U+1F999,ğŸ¦™,llama,0
U+1F992,ğŸ¦’,giraffe,0
U+1F418,ğŸ˜,elephant,0
U+1F9A3,ğŸ¦£,mammoth,0
U+1F98F,ğŸ¦,rhinoceros,0
U+1F99B,ğŸ¦›,hippopotamus,0
U+1F42D,ğŸ­,mouse face,0
U+1F401,ğŸ,mouse,0
U+1F400,ğŸ€,rat,0
U+1F439,ğŸ¹,hamster,0
U+1F430,ğŸ°,rabbit face,0
U+1F407,ğŸ‡,rabbit,0
U+1F43F,ğŸ¿,chipmunk,0
U+1F9AB,ğŸ¦«,beaver,0
U+1F994,ğŸ¦”,hedgehog,0
U+1F987,ğŸ¦‡,bat,0
U+1F43B,ğŸ»,bear,0
U+1F43B,ğŸ»â€â„ï¸,polar bear,0
U+1F428,ğŸ¨,koala,0
U+1F43C,ğŸ¼,panda,0
U+1F9A5,ğŸ¦¥,sloth,0
U+1F9A6,ğŸ¦¦,otter,0
U+1F9A8,ğŸ¦¨,skunk,0
U+1F998,ğŸ¦˜,kangaroo,0
U+1F9A1,ğŸ¦¡,badger,0
U+1F43E,ğŸ¾,paw prints,0
U+1F983,ğŸ¦ƒ,turkey,0
U+1F414,ğŸ”,chicken,0
U+1F413,ğŸ“,rooster,0
U+1F423,ğŸ£,hatching chick,0
U+1F424,ğŸ¤,baby chick,0
U+1F425,ğŸ¥,front-facing baby chick,0
U+1F426,ğŸ¦,bird,0
U+1F427,ğŸ§,penguin,0
U+1F54A,ğŸ•Š,dove,0
U+1F985,ğŸ¦…,eagle,0
U+1F986,ğŸ¦†,duck,0
U+1F9A2,ğŸ¦¢,swan,0
U+1F989,ğŸ¦‰,owl,0
U+1F9A4,ğŸ¦¤,dodo,0
U+1FAB6,ğŸª¶,feather,0
U+1F9A9,ğŸ¦©,flamingo,0
U+1F99A,ğŸ¦š,peacock,0
U+1F99C,ğŸ¦œ,parrot,0
U+1F438,ğŸ¸,frog,0
U+1F40A,ğŸŠ,crocodile,0
U+1F422,ğŸ¢,turtle,0
U+1F98E,ğŸ¦,lizard,0
U+1F40D,ğŸ,snake,0
U+1F432,ğŸ²,dragon face,0
U+1F409,ğŸ‰,dragon,0
U+1F995,ğŸ¦•,sauropod,0
U+1F996,ğŸ¦–,T-Rex,0
U+1F433,ğŸ³,spouting whale,0
U+1F40B,ğŸ‹,whale,0
U+1F42C,ğŸ¬,dolphin,0
U+1F9AD,ğŸ¦­,seal,0
U+1F41F,ğŸŸ,fish,0
U+1F420,ğŸ ,tropical fish,0
U+1F421,ğŸ¡,blowfish,0
U+1F988,ğŸ¦ˆ,shark,0
U+1F419,ğŸ™,octopus,0
U+1F41A,ğŸš,spiral shell,0
U+1FAB8,ğŸª¸,âŠ› coral,0
U+1F40C,ğŸŒ,snail,0
U+1F98B,ğŸ¦‹,butterfly,0
U+1F41B,ğŸ›,bug,0
U+1F41C,ğŸœ,ant,0
U+1F41D,ğŸ,honeybee,0
U+1FAB2,ğŸª²,beetle,0
U+1F41E,ğŸ,lady beetle,0
U+1F997,ğŸ¦—,cricket,0
U+1FAB3,ğŸª³,cockroach,0
U+1F577,ğŸ•·,spider,0
U+1F578,ğŸ•¸,spider web,0
U+1F982,ğŸ¦‚,scorpion,0
U+1F99F,ğŸ¦Ÿ,mosquito,0
U+1FAB0,ğŸª°,fly,0
U+1FAB1,ğŸª±,worm,0
U+1F9A0,ğŸ¦ ,microbe,0
U+1F490,ğŸ’,bouquet,0
U+1F338,ğŸŒ¸,cherry blossom,0
U+1F4AE,ğŸ’®,white flower,0
U+1FAB7,ğŸª·,âŠ› lotus,0
U+1F3F5,ğŸµ,rosette,0
U+1F339,ğŸŒ¹,rose,0
U+1F940,ğŸ¥€,wilted flower,0
U+1F33A,ğŸŒº,hibiscus,0
U+1F33B,ğŸŒ»,sunflower,0
U+1F33C,ğŸŒ¼,blossom,0
U+1F337,ğŸŒ·,tulip,0
U+1F331,ğŸŒ±,seedling,0
U+1FAB4,ğŸª´,potted plant,0
U+1F332,ğŸŒ²,evergreen tree,0
U+1F333,ğŸŒ³,deciduous tree,0
U+1F334,ğŸŒ´,palm tree,0
U+1F335,ğŸŒµ,cactus,0
U+1F33E,ğŸŒ¾,sheaf of rice,0
U+1F33F,ğŸŒ¿,herb,0
U+2618,â˜˜,shamrock,0
U+1F340,ğŸ€,four leaf clover,0
U+1F341,ğŸ,maple leaf,0
U+1F342,ğŸ‚,fallen leaf,0
U+1F343,ğŸƒ,leaf fluttering in wind,0
U+1FAB9,ğŸª¹,âŠ› empty nest,0
U+1FABA,ğŸªº,âŠ› nest with eggs,0
U+1F347,ğŸ‡,grapes,0
U+1F348,ğŸˆ,melon,0
U+1F349,ğŸ‰,watermelon,0
U+1F34A,ğŸŠ,tangerine,0
U+1F34B,ğŸ‹,lemon,0
U+1F34C,ğŸŒ,banana,0
U+1F34D,ğŸ,pineapple,0
U+1F96D,ğŸ¥­,mango,0
U+1F34E,ğŸ,red apple,0
U+1F34F,ğŸ,green apple,0
U+1F350,ğŸ,pear,0
U+1F351,ğŸ‘,peach,0
U+1F352,ğŸ’,cherries,0
U+1F353,ğŸ“,strawberry,0
U+1FAD0,ğŸ«,blueberries,0
U+1F95D,ğŸ¥,kiwi fruit,0
U+1F345,ğŸ…,tomato,0
U+1FAD2,ğŸ«’,olive,0
U+1F965,ğŸ¥¥,coconut,0
U+1F951,ğŸ¥‘,avocado,0
U+1F346,ğŸ†,eggplant,0
U+1F954,ğŸ¥”,potato,0
U+1F955,ğŸ¥•,carrot,0
U+1F33D,ğŸŒ½,ear of corn,0
U+1F336,ğŸŒ¶,hot pepper,0
U+1FAD1,ğŸ«‘,bell pepper,0
U+1F952,ğŸ¥’,cucumber,0
U+1F96C,ğŸ¥¬,leafy green,0
U+1F966,ğŸ¥¦,broccoli,0
U+1F9C4,ğŸ§„,garlic,0
U+1F9C5,ğŸ§…,onion,0
U+1F344,ğŸ„,mushroom,0
U+1F95C,ğŸ¥œ,peanuts,0
U+1FAD8,ğŸ«˜,âŠ› beans,0
U+1F330,ğŸŒ°,chestnut,0
U+1F35E,ğŸ,bread,0
U+1F950,ğŸ¥,croissant,0
U+1F956,ğŸ¥–,baguette bread,0
U+1FAD3,ğŸ«“,flatbread,0
U+1F968,ğŸ¥¨,pretzel,0
U+1F96F,ğŸ¥¯,bagel,0
U+1F95E,ğŸ¥,pancakes,0
U+1F9C7,ğŸ§‡,waffle,0
U+1F9C0,ğŸ§€,cheese wedge,0
U+1F356,ğŸ–,meat on bone,0
U+1F357,ğŸ—,poultry leg,0
U+1F969,ğŸ¥©,cut of meat,0
U+1F953,ğŸ¥“,bacon,0
U+1F354,ğŸ”,hamburger,0
U+1F35F,ğŸŸ,french fries,0
U+1F355,ğŸ•,pizza,0
U+1F32D,ğŸŒ­,hot dog,0
U+1F96A,ğŸ¥ª,sandwich,0
U+1F32E,ğŸŒ®,taco,0
U+1F32F,ğŸŒ¯,burrito,0
U+1FAD4,ğŸ«”,tamale,0
U+1F959,ğŸ¥™,stuffed flatbread,0
U+1F9C6,ğŸ§†,falafel,0
U+1F95A,ğŸ¥š,egg,0
U+1F373,ğŸ³,cooking,0
U+1F958,ğŸ¥˜,shallow pan of food,0
U+1F372,ğŸ²,pot of food,0
U+1FAD5,ğŸ«•,fondue,0
U+1F963,ğŸ¥£,bowl with spoon,0
U+1F957,ğŸ¥—,green salad,0
U+1F37F,ğŸ¿,popcorn,0
U+1F9C8,ğŸ§ˆ,butter,0
U+1F9C2,ğŸ§‚,salt,0
U+1F96B,ğŸ¥«,canned food,0
U+1F371,ğŸ±,bento box,0
U+1F358,ğŸ˜,rice cracker,0
U+1F359,ğŸ™,rice ball,0
U+1F35A,ğŸš,cooked rice,0
U+1F35B,ğŸ›,curry rice,0
U+1F35C,ğŸœ,steaming bowl,0
U+1F35D,ğŸ,spaghetti,0
U+1F360,ğŸ ,roasted sweet potato,0
U+1F362,ğŸ¢,oden,0
U+1F363,ğŸ£,sushi,0
U+1F364,ğŸ¤,fried shrimp,0
U+1F365,ğŸ¥,fish cake with swirl,0
U+1F96E,ğŸ¥®,moon cake,0
U+1F361,ğŸ¡,dango,0
U+1F95F,ğŸ¥Ÿ,dumpling,0
U+1F960,ğŸ¥ ,fortune cookie,0
U+1F961,ğŸ¥¡,takeout box,0
U+1F980,ğŸ¦€,crab,0
U+1F99E,ğŸ¦,lobster,0
U+1F990,ğŸ¦,shrimp,0
U+1F991,ğŸ¦‘,squid,0
U+1F9AA,ğŸ¦ª,oyster,0
U+1F366,ğŸ¦,soft ice cream,0
U+1F367,ğŸ§,shaved ice,0
U+1F368,ğŸ¨,ice cream,0
U+1F369,ğŸ©,doughnut,0
U+1F36A,ğŸª,cookie,0
U+1F382,ğŸ‚,birthday cake,0
U+1F370,ğŸ°,shortcake,0
U+1F9C1,ğŸ§,cupcake,0
U+1F967,ğŸ¥§,pie,0
U+1F36B,ğŸ«,chocolate bar,0
U+1F36C,ğŸ¬,candy,0
U+1F36D,ğŸ­,lollipop,0
U+1F36E,ğŸ®,custard,0
U+1F36F,ğŸ¯,honey pot,0
U+1F37C,ğŸ¼,baby bottle,0
U+1F95B,ğŸ¥›,glass of milk,0
U+2615,â˜•,hot beverage,0
U+1FAD6,ğŸ«–,teapot,0
U+1F375,ğŸµ,teacup without handle,0
U+1F376,ğŸ¶,sake,0
U+1F37E,ğŸ¾,bottle with popping cork,0
U+1F377,ğŸ·,wine glass,0
U+1F378,ğŸ¸,cocktail glass,0
U+1F379,ğŸ¹,tropical drink,0
U+1F37A,ğŸº,beer mug,0
U+1F37B,ğŸ»,clinking beer mugs,0
U+1F942,ğŸ¥‚,clinking glasses,0
U+1F943,ğŸ¥ƒ,tumbler glass,0
U+1FAD7,ğŸ«—,âŠ› pouring liquid,0
U+1F964,ğŸ¥¤,cup with straw,0
U+1F9CB,ğŸ§‹,bubble tea,0
U+1F9C3,ğŸ§ƒ,beverage box,0
U+1F9C9,ğŸ§‰,mate,0
U+1F9CA,ğŸ§Š,ice,0
U+1F962,ğŸ¥¢,chopsticks,0
U+1F37D,ğŸ½,fork and knife with plate,0
U+1F374,ğŸ´,fork and knife,0
U+1F944,ğŸ¥„,spoon,0
U+1F52A,ğŸ”ª,kitchen knife,0
U+1FAD9,ğŸ«™,âŠ› jar,0
U+1F3FA,ğŸº,amphora,0
U+1F30D,ğŸŒ,globe showing Europe-Africa,0
U+1F30E,ğŸŒ,globe showing Americas,ì§€ì—­
U+1F30F,ğŸŒ,globe showing Asia-Australia,ì§€ì—­
U+1F310,ğŸŒ,globe with meridians,0
U+1F5FA,ğŸ—º,world map,ì§€ì—­
U+1F5FE,ğŸ—¾,map of Japan,ì§€ì—­
U+1F9ED,ğŸ§­,compass,0
U+1F3D4,ğŸ”,snow-capped mountain,0
U+26F0,â›°,mountain,0
U+1F30B,ğŸŒ‹,volcano,0
U+1F5FB,ğŸ—»,mount fuji,0
U+1F3D5,ğŸ•,camping,0
U+1F3D6,ğŸ–,beach with umbrella,0
U+1F3DC,ğŸœ,desert,0
U+1F3DD,ğŸ,desert island,0
U+1F3DE,ğŸ,national park,0
U+1F3DF,ğŸŸ,stadium,0
U+1F3DB,ğŸ›,classical building,0
U+1F3D7,ğŸ—,building construction,0
U+1F9F1,ğŸ§±,brick,0
U+1FAA8,ğŸª¨,rock,0
U+1FAB5,ğŸªµ,wood,0
U+1F6D6,ğŸ›–,hut,0
U+1F3D8,ğŸ˜,houses,ì§€ì—­
U+1F3DA,ğŸš,derelict house,ì§€ì—­
U+1F3E0,ğŸ ,house,ì§€ì—­
U+1F3E1,ğŸ¡,house with garden,ì§€ì—­
U+1F3E2,ğŸ¢,office building,ì§€ì—­
U+1F3E3,ğŸ£,Japanese post office,0
U+1F3E4,ğŸ¤,post office,0
U+1F3E5,ğŸ¥,hospital,0
U+1F3E6,ğŸ¦,bank,0
U+1F3E8,ğŸ¨,hotel,0
U+1F3E9,ğŸ©,love hotel,0
U+1F3EA,ğŸª,convenience store,0
U+1F3EB,ğŸ«,school,0
U+1F3EC,ğŸ¬,department store,0
U+1F3ED,ğŸ­,factory,0
U+1F3EF,ğŸ¯,Japanese castle,0
U+1F3F0,ğŸ°,castle,0
U+1F492,ğŸ’’,wedding,0
U+1F5FC,ğŸ—¼,Tokyo tower,0
U+1F5FD,ğŸ—½,Statue of Liberty,0
U+26EA,â›ª,church,0
U+1F54C,ğŸ•Œ,mosque,0
U+1F6D5,ğŸ›•,hindu temple,0
U+1F54D,ğŸ•,synagogue,0
U+26E9,â›©,shinto shrine,0
U+1F54B,ğŸ•‹,kaaba,0
U+26F2,â›²,fountain,0
U+26FA,â›º,tent,0
U+1F301,ğŸŒ,foggy,0
U+1F303,ğŸŒƒ,night with stars,0
U+1F3D9,ğŸ™,cityscape,0
U+1F304,ğŸŒ„,sunrise over mountains,0
U+1F305,ğŸŒ…,sunrise,0
U+1F306,ğŸŒ†,cityscape at dusk,0
U+1F307,ğŸŒ‡,sunset,0
U+1F309,ğŸŒ‰,bridge at night,0
U+2668,â™¨,hot springs,0
U+1F3A0,ğŸ ,carousel horse,0
U+1F6DD,ğŸ›,âŠ› playground slide,0
U+1F3A1,ğŸ¡,ferris wheel,0
U+1F3A2,ğŸ¢,roller coaster,0
U+1F488,ğŸ’ˆ,barber pole,0
U+1F3AA,ğŸª,circus tent,0
U+1F682,ğŸš‚,locomotive,0
U+1F683,ğŸšƒ,railway car,0
U+1F684,ğŸš„,high-speed train,0
U+1F685,ğŸš…,bullet train,0
U+1F686,ğŸš†,train,0
U+1F687,ğŸš‡,metro,0
U+1F688,ğŸšˆ,light rail,0
U+1F689,ğŸš‰,station,0
U+1F68A,ğŸšŠ,tram,0
U+1F69D,ğŸš,monorail,0
U+1F69E,ğŸš,mountain railway,0
U+1F68B,ğŸš‹,tram car,0
U+1F68C,ğŸšŒ,bus,0
U+1F68D,ğŸš,oncoming bus,0
U+1F68E,ğŸš,trolleybus,0
U+1F690,ğŸš,minibus,0
U+1F691,ğŸš‘,ambulance,0
U+1F692,ğŸš’,fire engine,0
U+1F693,ğŸš“,police car,0
U+1F694,ğŸš”,oncoming police car,0
U+1F695,ğŸš•,taxi,0
U+1F696,ğŸš–,oncoming taxi,0
U+1F697,ğŸš—,automobile,0
U+1F698,ğŸš˜,oncoming automobile,0
U+1F699,ğŸš™,sport utility vehicle,0
U+1F6FB,ğŸ›»,pickup truck,0
U+1F69A,ğŸšš,delivery truck,0
U+1F69B,ğŸš›,articulated lorry,0
U+1F69C,ğŸšœ,tractor,0
U+1F3CE,ğŸ,racing car,0
U+1F3CD,ğŸ,motorcycle,0
U+1F6F5,ğŸ›µ,motor scooter,0
U+1F9BD,ğŸ¦½,manual wheelchair,0
U+1F9BC,ğŸ¦¼,motorized wheelchair,0
U+1F6FA,ğŸ›º,auto rickshaw,0
U+1F6B2,ğŸš²,bicycle,0
U+1F6F4,ğŸ›´,kick scooter,0
U+1F6F9,ğŸ›¹,skateboard,0
U+1F6FC,ğŸ›¼,roller skate,0
U+1F68F,ğŸš,bus stop,0
U+1F6E3,ğŸ›£,motorway,0
U+1F6E4,ğŸ›¤,railway track,0
U+1F6E2,ğŸ›¢,oil drum,0
U+26FD,â›½,fuel pump,0
U+1F6DE,ğŸ›,âŠ› wheel,0
U+1F6A8,ğŸš¨,police car light,0
U+1F6A5,ğŸš¥,horizontal traffic light,0
U+1F6A6,ğŸš¦,vertical traffic light,0
U+1F6D1,ğŸ›‘,stop sign,0
U+1F6A7,ğŸš§,construction,0
U+2693,âš“,anchor,0
U+1F6DF,ğŸ›Ÿ,âŠ› ring buoy,0
U+26F5,â›µ,sailboat,0
U+1F6F6,ğŸ›¶,canoe,0
U+1F6A4,ğŸš¤,speedboat,0
U+1F6F3,ğŸ›³,passenger ship,0
U+26F4,â›´,ferry,0
U+1F6E5,ğŸ›¥,motor boat,0
U+1F6A2,ğŸš¢,ship,0
U+2708,âœˆ,airplane,0
U+1F6E9,ğŸ›©,small airplane,0
U+1F6EB,ğŸ›«,airplane departure,0
U+1F6EC,ğŸ›¬,airplane arrival,0
U+1FA82,ğŸª‚,parachute,0
U+1F4BA,ğŸ’º,seat,0
U+1F681,ğŸš,helicopter,0
U+1F69F,ğŸšŸ,suspension railway,0
U+1F6A0,ğŸš ,mountain cableway,0
U+1F6A1,ğŸš¡,aerial tramway,0
U+1F6F0,ğŸ›°,satellite,0
U+1F680,ğŸš€,rocket,0
U+1F6F8,ğŸ›¸,flying saucer,0
U+1F6CE,ğŸ›,bellhop bell,0
U+1F9F3,ğŸ§³,luggage,0
U+231B,âŒ›,hourglass done,0
U+23F3,â³,hourglass not done,0
U+231A,âŒš,watch,0
U+23F0,â°,alarm clock,0
U+23F1,â±,stopwatch,0
U+23F2,â²,timer clock,0
U+1F570,ğŸ•°,mantelpiece clock,0
U+1F55B,ğŸ•›,twelve oâ€™clock,0
U+1F567,ğŸ•§,twelve-thirty,0
U+1F550,ğŸ•,one oâ€™clock,0
U+1F55C,ğŸ•œ,one-thirty,0
U+1F551,ğŸ•‘,two oâ€™clock,0
U+1F55D,ğŸ•,two-thirty,0
U+1F552,ğŸ•’,three oâ€™clock,0
U+1F55E,ğŸ•,three-thirty,0
U+1F553,ğŸ•“,four oâ€™clock,0
U+1F55F,ğŸ•Ÿ,four-thirty,0
U+1F554,ğŸ•”,five oâ€™clock,0
U+1F560,ğŸ• ,five-thirty,0
U+1F555,ğŸ••,six oâ€™clock,0
U+1F561,ğŸ•¡,six-thirty,0
U+1F556,ğŸ•–,seven oâ€™clock,0
U+1F562,ğŸ•¢,seven-thirty,0
U+1F557,ğŸ•—,eight oâ€™clock,0
U+1F563,ğŸ•£,eight-thirty,0
U+1F558,ğŸ•˜,nine oâ€™clock,0
U+1F564,ğŸ•¤,nine-thirty,0
U+1F559,ğŸ•™,ten oâ€™clock,0
U+1F565,ğŸ•¥,ten-thirty,0
U+1F55A,ğŸ•š,eleven oâ€™clock,0
U+1F566,ğŸ•¦,eleven-thirty,0
U+1F311,ğŸŒ‘,new moon,0
U+1F312,ğŸŒ’,waxing crescent moon,0
U+1F313,ğŸŒ“,first quarter moon,0
U+1F314,ğŸŒ”,waxing gibbous moon,0
U+1F315,ğŸŒ•,full moon,0
U+1F316,ğŸŒ–,waning gibbous moon,0
U+1F317,ğŸŒ—,last quarter moon,0
U+1F318,ğŸŒ˜,waning crescent moon,0
U+1F319,ğŸŒ™,crescent moon,0
U+1F31A,ğŸŒš,new moon face,0
U+1F31B,ğŸŒ›,first quarter moon face,0
U+1F31C,ğŸŒœ,last quarter moon face,0
U+1F321,ğŸŒ¡,thermometer,0
U+2600,â˜€,sun,0
U+1F31D,ğŸŒ,full moon face,0
U+1F31E,ğŸŒ,sun with face,0
U+1FA90,ğŸª,ringed planet,0
U+2B50,â­,star,0
U+1F31F,ğŸŒŸ,glowing star,0
U+1F320,ğŸŒ ,shooting star,0
U+1F30C,ğŸŒŒ,milky way,0
U+2601,â˜,cloud,0
U+26C5,â›…,sun behind cloud,0
U+26C8,â›ˆ,cloud with lightning and rain,0
U+1F324,ğŸŒ¤,sun behind small cloud,0
U+1F325,ğŸŒ¥,sun behind large cloud,0
U+1F326,ğŸŒ¦,sun behind rain cloud,0
U+1F327,ğŸŒ§,cloud with rain,0
U+1F328,ğŸŒ¨,cloud with snow,0
U+1F329,ğŸŒ©,cloud with lightning,0
U+1F32A,ğŸŒª,tornado,0
U+1F32B,ğŸŒ«,fog,0
U+1F32C,ğŸŒ¬,wind face,0
U+1F300,ğŸŒ€,cyclone,0
U+1F308,ğŸŒˆ,rainbow,0
U+1F302,ğŸŒ‚,closed umbrella,0
U+2602,â˜‚,umbrella,0
U+2614,â˜”,umbrella with rain drops,0
U+26F1,â›±,umbrella on ground,0
U+26A1,âš¡,high voltage,0
U+2744,â„,snowflake,0
U+2603,â˜ƒ,snowman,0
U+26C4,â›„,snowman without snow,0
U+2604,â˜„,comet,0
U+1F525,ğŸ”¥,fire,0
U+1F4A7,ğŸ’§,droplet,0
U+1F30A,ğŸŒŠ,water wave,0
U+1F383,ğŸƒ,jack-o-lantern,0
U+1F384,ğŸ„,Christmas tree,0
U+1F386,ğŸ†,fireworks,0
U+1F387,ğŸ‡,sparkler,0
U+1F9E8,ğŸ§¨,firecracker,0
U+2728,âœ¨,sparkles,0
U+1F388,ğŸˆ,balloon,0
U+1F389,ğŸ‰,party popper,0
U+1F38A,ğŸŠ,confetti ball,0
U+1F38B,ğŸ‹,tanabata tree,0
U+1F38D,ğŸ,pine decoration,0
U+1F38E,ğŸ,Japanese dolls,0
U+1F38F,ğŸ,carp streamer,0
U+1F390,ğŸ,wind chime,0
U+1F391,ğŸ‘,moon viewing ceremony,0
U+1F9E7,ğŸ§§,red envelope,0
U+1F380,ğŸ€,ribbon,0
U+1F381,ğŸ,wrapped gift,0
U+1F397,ğŸ—,reminder ribbon,0
U+1F39F,ğŸŸ,admission tickets,0
U+1F3AB,ğŸ«,ticket,0
U+1F396,ğŸ–,military medal,0
U+1F3C6,ğŸ†,trophy,0
U+1F3C5,ğŸ…,sports medal,0
U+1F947,ğŸ¥‡,1st place medal,0
U+1F948,ğŸ¥ˆ,2nd place medal,0
U+1F949,ğŸ¥‰,3rd place medal,0
U+26BD,âš½,soccer ball,0
U+26BE,âš¾,baseball,0
U+1F94E,ğŸ¥,softball,0
U+1F3C0,ğŸ€,basketball,0
U+1F3D0,ğŸ,volleyball,0
U+1F3C8,ğŸˆ,american football,0
U+1F3C9,ğŸ‰,rugby football,0
U+1F3BE,ğŸ¾,tennis,0
U+1F94F,ğŸ¥,flying disc,0
U+1F3B3,ğŸ³,bowling,0
U+1F3CF,ğŸ,cricket game,0
U+1F3D1,ğŸ‘,field hockey,0
U+1F3D2,ğŸ’,ice hockey,0
U+1F94D,ğŸ¥,lacrosse,0
U+1F3D3,ğŸ“,ping pong,0
U+1F3F8,ğŸ¸,badminton,0
U+1F94A,ğŸ¥Š,boxing glove,0
U+1F94B,ğŸ¥‹,martial arts uniform,0
U+1F945,ğŸ¥…,goal net,0
U+26F3,â›³,flag in hole,0
U+26F8,â›¸,ice skate,0
U+1F3A3,ğŸ£,fishing pole,0
U+1F93F,ğŸ¤¿,diving mask,0
U+1F3BD,ğŸ½,running shirt,0
U+1F3BF,ğŸ¿,skis,0
U+1F6F7,ğŸ›·,sled,0
U+1F94C,ğŸ¥Œ,curling stone,0
U+1F3AF,ğŸ¯,bullseye,0
U+1FA80,ğŸª€,yo-yo,0
U+1FA81,ğŸª,kite,0
U+1F3B1,ğŸ±,pool 8 ball,0
U+1F52E,ğŸ”®,crystal ball,0
U+1FA84,ğŸª„,magic wand,0
U+1F9FF,ğŸ§¿,nazar amulet,0
U+1FAAC,ğŸª¬,âŠ› hamsa,0
U+1F3AE,ğŸ®,video game,0
U+1F579,ğŸ•¹,joystick,0
U+1F3B0,ğŸ°,slot machine,0
U+1F3B2,ğŸ²,game die,0
U+1F9E9,ğŸ§©,puzzle piece,0
U+1F9F8,ğŸ§¸,teddy bear,0
U+1FA85,ğŸª…,piÃ±ata,0
U+1FAA9,ğŸª©,âŠ› mirror ball,0
U+1FA86,ğŸª†,nesting dolls,0
U+2660,â™ ,spade suit,0
U+2665,â™¥,heart suit,0
U+2666,â™¦,diamond suit,0
U+2663,â™£,club suit,0
U+265F,â™Ÿ,chess pawn,0
U+1F0CF,ğŸƒ,joker,0
U+1F004,ğŸ€„,mahjong red dragon,0
U+1F3B4,ğŸ´,flower playing cards,0
U+1F3AD,ğŸ­,performing arts,0
U+1F5BC,ğŸ–¼,framed picture,0
U+1F3A8,ğŸ¨,artist palette,0
U+1F9F5,ğŸ§µ,thread,0
U+1FAA1,ğŸª¡,sewing needle,0
U+1F9F6,ğŸ§¶,yarn,0
U+1FAA2,ğŸª¢,knot,0
U+1F453,ğŸ‘“,glasses,0
U+1F576,ğŸ•¶,sunglasses,0
U+1F97D,ğŸ¥½,goggles,0
U+1F97C,ğŸ¥¼,lab coat,0
U+1F9BA,ğŸ¦º,safety vest,0
U+1F454,ğŸ‘”,necktie,0
U+1F455,ğŸ‘•,t-shirt,0
U+1F456,ğŸ‘–,jeans,0
U+1F9E3,ğŸ§£,scarf,0
U+1F9E4,ğŸ§¤,gloves,0
U+1F9E5,ğŸ§¥,coat,0
U+1F9E6,ğŸ§¦,socks,0
U+1F457,ğŸ‘—,dress,0
U+1F458,ğŸ‘˜,kimono,0
U+1F97B,ğŸ¥»,sari,0
U+1FA71,ğŸ©±,one-piece swimsuit,0
U+1FA72,ğŸ©²,briefs,0
U+1FA73,ğŸ©³,shorts,0
U+1F459,ğŸ‘™,bikini,0
U+1F45A,ğŸ‘š,womanâ€™s clothes,0
U+1F45B,ğŸ‘›,purse,0
U+1F45C,ğŸ‘œ,handbag,0
U+1F45D,ğŸ‘,clutch bag,0
U+1F6CD,ğŸ›,shopping bags,0
U+1F392,ğŸ’,backpack,0
U+1FA74,ğŸ©´,thong sandal,0
U+1F45E,ğŸ‘,manâ€™s shoe,0
U+1F45F,ğŸ‘Ÿ,running shoe,0
U+1F97E,ğŸ¥¾,hiking boot,0
U+1F97F,ğŸ¥¿,flat shoe,0
U+1F460,ğŸ‘ ,high-heeled shoe,0
U+1F461,ğŸ‘¡,womanâ€™s sandal,0
U+1FA70,ğŸ©°,ballet shoes,0
U+1F462,ğŸ‘¢,womanâ€™s boot,0
U+1F451,ğŸ‘‘,crown,0
U+1F452,ğŸ‘’,womanâ€™s hat,0
U+1F3A9,ğŸ©,top hat,0
U+1F393,ğŸ“,graduation cap,0
U+1F9E2,ğŸ§¢,billed cap,0
U+1FA96,ğŸª–,military helmet,0
U+26D1,â›‘,rescue workerâ€™s helmet,0
U+1F4FF,ğŸ“¿,prayer beads,0
U+1F484,ğŸ’„,lipstick,0
U+1F48D,ğŸ’,ring,0
U+1F48E,ğŸ’,gem stone,0
U+1F507,ğŸ”‡,muted speaker,0
U+1F508,ğŸ”ˆ,speaker low volume,0
U+1F509,ğŸ”‰,speaker medium volume,0
U+1F50A,ğŸ”Š,speaker high volume,0
U+1F4E2,ğŸ“¢,loudspeaker,0
U+1F4E3,ğŸ“£,megaphone,0
U+1F4EF,ğŸ“¯,postal horn,0
U+1F514,ğŸ””,bell,0
U+1F515,ğŸ”•,bell with slash,0
U+1F3BC,ğŸ¼,musical score,0
U+1F3B5,ğŸµ,musical note,0
U+1F3B6,ğŸ¶,musical notes,0
U+1F399,ğŸ™,studio microphone,0
U+1F39A,ğŸš,level slider,0
U+1F39B,ğŸ›,control knobs,0
U+1F3A4,ğŸ¤,microphone,0
U+1F3A7,ğŸ§,headphone,0
U+1F4FB,ğŸ“»,radio,0
U+1F3B7,ğŸ·,saxophone,0
U+1FA97,ğŸª—,accordion,0
U+1F3B8,ğŸ¸,guitar,0
U+1F3B9,ğŸ¹,musical keyboard,0
U+1F3BA,ğŸº,trumpet,0
U+1F3BB,ğŸ»,violin,0
U+1FA95,ğŸª•,banjo,0
U+1F941,ğŸ¥,drum,0
U+1FA98,ğŸª˜,long drum,0
U+1F4F1,ğŸ“±,mobile phone,0
U+1F4F2,ğŸ“²,mobile phone with arrow,0
U+260E,â˜,telephone,0
U+1F4DE,ğŸ“,telephone receiver,0
U+1F4DF,ğŸ“Ÿ,pager,0
U+1F4E0,ğŸ“ ,fax machine,0
U+1F50B,ğŸ”‹,battery,0
U+1FAAB,ğŸª«,âŠ› low battery,0
U+1F50C,ğŸ”Œ,electric plug,0
U+1F4BB,ğŸ’»,laptop,0
U+1F5A5,ğŸ–¥,desktop computer,0
U+1F5A8,ğŸ–¨,printer,ì•…í”Œ/ìš•ì„¤
U+2328,âŒ¨,keyboard,0
U+1F5B1,ğŸ–±,computer mouse,ì•…í”Œ/ìš•ì„¤
U+1F5B2,ğŸ–²,trackball,0
U+1F4BD,ğŸ’½,computer disk,0
U+1F4BE,ğŸ’¾,floppy disk,0
U+1F4BF,ğŸ’¿,optical disk,0
U+1F4C0,ğŸ“€,dvd,0
U+1F9EE,ğŸ§®,abacus,0
U+1F3A5,ğŸ¥,movie camera,0
U+1F39E,ğŸ,film frames,0
U+1F4FD,ğŸ“½,film projector,0
U+1F3AC,ğŸ¬,clapper board,0
U+1F4FA,ğŸ“º,television,0
U+1F4F7,ğŸ“·,camera,0
U+1F4F8,ğŸ“¸,camera with flash,0
U+1F4F9,ğŸ“¹,video camera,0
U+1F4FC,ğŸ“¼,videocassette,0
U+1F50D,ğŸ”,magnifying glass tilted left,0
U+1F50E,ğŸ”,magnifying glass tilted right,0
U+1F56F,ğŸ•¯,candle,0
U+1F4A1,ğŸ’¡,light bulb,0
U+1F526,ğŸ”¦,flashlight,0
U+1F3EE,ğŸ®,red paper lantern,0
U+1FA94,ğŸª”,diya lamp,0
U+1F4D4,ğŸ“”,notebook with decorative cover,0
U+1F4D5,ğŸ“•,closed book,0
U+1F4D6,ğŸ“–,open book,0
U+1F4D7,ğŸ“—,green book,0
U+1F4D8,ğŸ“˜,blue book,0
U+1F4D9,ğŸ“™,orange book,0
U+1F4DA,ğŸ“š,books,0
U+1F4D3,ğŸ““,notebook,0
U+1F4D2,ğŸ“’,ledger,0
U+1F4C3,ğŸ“ƒ,page with curl,0
U+1F4DC,ğŸ“œ,scroll,0
U+1F4C4,ğŸ“„,page facing up,0
U+1F4F0,ğŸ“°,newspaper,0
U+1F5DE,ğŸ—,rolled-up newspaper,0
U+1F4D1,ğŸ“‘,bookmark tabs,0
U+1F516,ğŸ”–,bookmark,0
U+1F3F7,ğŸ·,label,0
U+1F4B0,ğŸ’°,money bag,0
U+1FA99,ğŸª™,coin,0
U+1F4B4,ğŸ’´,yen banknote,0
U+1F4B5,ğŸ’µ,dollar banknote,0
U+1F4B6,ğŸ’¶,euro banknote,0
U+1F4B7,ğŸ’·,pound banknote,0
U+1F4B8,ğŸ’¸,money with wings,0
U+1F4B3,ğŸ’³,credit card,0
U+1F9FE,ğŸ§¾,receipt,0
U+1F4B9,ğŸ’¹,chart increasing with yen,0
U+2709,âœ‰,envelope,0
U+1F4E7,ğŸ“§,e-mail,0
U+1F4E8,ğŸ“¨,incoming envelope,0
U+1F4E9,ğŸ“©,envelope with arrow,0
U+1F4E4,ğŸ“¤,outbox tray,0
U+1F4E5,ğŸ“¥,inbox tray,0
U+1F4E6,ğŸ“¦,package,0
U+1F4EB,ğŸ“«,closed mailbox with raised flag,0
U+1F4EA,ğŸ“ª,closed mailbox with lowered flag,0
U+1F4EC,ğŸ“¬,open mailbox with raised flag,0
U+1F4ED,ğŸ“­,open mailbox with lowered flag,0
U+1F4EE,ğŸ“®,postbox,0
U+1F5F3,ğŸ—³,ballot box with ballot,0
U+270F,âœ,pencil,0
U+2712,âœ’,black nib,0
U+1F58B,ğŸ–‹,fountain pen,0
U+1F58A,ğŸ–Š,pen,0
U+1F58C,ğŸ–Œ,paintbrush,0
U+1F58D,ğŸ–,crayon,0
U+1F4DD,ğŸ“,memo,0
U+1F4BC,ğŸ’¼,briefcase,0
U+1F4C1,ğŸ“,file folder,0
U+1F4C2,ğŸ“‚,open file folder,0
U+1F5C2,ğŸ—‚,card index dividers,0
U+1F4C5,ğŸ“…,calendar,0
U+1F4C6,ğŸ“†,tear-off calendar,0
U+1F5D2,ğŸ—’,spiral notepad,0
U+1F5D3,ğŸ—“,spiral calendar,0
U+1F4C7,ğŸ“‡,card index,0
U+1F4C8,ğŸ“ˆ,chart increasing,0
U+1F4C9,ğŸ“‰,chart decreasing,0
U+1F4CA,ğŸ“Š,bar chart,0
U+1F4CB,ğŸ“‹,clipboard,0
U+1F4CC,ğŸ“Œ,pushpin,0
U+1F4CD,ğŸ“,round pushpin,0
U+1F4CE,ğŸ“,paperclip,0
U+1F587,ğŸ–‡,linked paperclips,0
U+1F4CF,ğŸ“,straight ruler,0
U+1F4D0,ğŸ“,triangular ruler,0
U+2702,âœ‚,scissors,0
U+1F5C3,ğŸ—ƒ,card file box,0
U+1F5C4,ğŸ—„,file cabinet,0
U+1F5D1,ğŸ—‘,wastebasket,0
U+1F512,ğŸ”’,locked,0
U+1F513,ğŸ”“,unlocked,0
U+1F50F,ğŸ”,locked with pen,0
U+1F510,ğŸ”,locked with key,0
U+1F511,ğŸ”‘,key,0
U+1F5DD,ğŸ—,old key,0
U+1F528,ğŸ”¨,hammer,0
U+1FA93,ğŸª“,axe,0
U+26CF,â›,pick,0
U+2692,âš’,hammer and pick,0
U+1F6E0,ğŸ› ,hammer and wrench,0
U+1F5E1,ğŸ—¡,dagger,0
U+2694,âš”,crossed swords,0
U+1F52B,ğŸ”«,water pistol,0
U+1FA83,ğŸªƒ,boomerang,0
U+1F3F9,ğŸ¹,bow and arrow,0
U+1F6E1,ğŸ›¡,shield,0
U+1FA9A,ğŸªš,carpentry saw,0
U+1F527,ğŸ”§,wrench,0
U+1FA9B,ğŸª›,screwdriver,0
U+1F529,ğŸ”©,nut and bolt,0
U+2699,âš™,gear,0
U+1F5DC,ğŸ—œ,clamp,0
U+2696,âš–,balance scale,0
U+1F9AF,ğŸ¦¯,white cane,0
U+1F517,ğŸ”—,link,0
U+26D3,â›“,chains,0
U+1FA9D,ğŸª,hook,0
U+1F9F0,ğŸ§°,toolbox,0
U+1F9F2,ğŸ§²,magnet,0
U+1FA9C,ğŸªœ,ladder,0
U+2697,âš—,alembic,0
U+1F9EA,ğŸ§ª,test tube,0
U+1F9EB,ğŸ§«,petri dish,0
U+1F9EC,ğŸ§¬,dna,0
U+1F52C,ğŸ”¬,microscope,0
U+1F52D,ğŸ”­,telescope,0
U+1F4E1,ğŸ“¡,satellite antenna,0
U+1F489,ğŸ’‰,syringe,0
U+1FA78,ğŸ©¸,drop of blood,0
U+1F48A,ğŸ’Š,pill,0
U+1FA79,ğŸ©¹,adhesive bandage,0
U+1FA7C,ğŸ©¼,âŠ› crutch,0
U+1FA7A,ğŸ©º,stethoscope,0
U+1FA7B,ğŸ©»,âŠ› x-ray,0
U+1F6AA,ğŸšª,door,0
U+1F6D7,ğŸ›—,elevator,0
U+1FA9E,ğŸª,mirror,0
U+1FA9F,ğŸªŸ,window,0
U+1F6CF,ğŸ›,bed,0
U+1F6CB,ğŸ›‹,couch and lamp,0
U+1FA91,ğŸª‘,chair,0
U+1F6BD,ğŸš½,toilet,0
U+1FAA0,ğŸª ,plunger,0
U+1F6BF,ğŸš¿,shower,0
U+1F6C1,ğŸ›,bathtub,0
U+1FAA4,ğŸª¤,mouse trap,0
U+1FA92,ğŸª’,razor,0
U+1F9F4,ğŸ§´,lotion bottle,0
U+1F9F7,ğŸ§·,safety pin,0
U+1F9F9,ğŸ§¹,broom,0
U+1F9FA,ğŸ§º,basket,0
U+1F9FB,ğŸ§»,roll of paper,0
U+1FAA3,ğŸª£,bucket,0
U+1F9FC,ğŸ§¼,soap,0
U+1FAE7,ğŸ«§,âŠ› bubbles,0
U+1FAA5,ğŸª¥,toothbrush,0
U+1F9FD,ğŸ§½,sponge,0
U+1F9EF,ğŸ§¯,fire extinguisher,0
U+1F6D2,ğŸ›’,shopping cart,0
U+1F6AC,ğŸš¬,cigarette,0
U+26B0,âš°,coffin,0
U+1FAA6,ğŸª¦,headstone,0
U+26B1,âš±,funeral urn,0
U+1F5FF,ğŸ—¿,moai,0
U+1FAA7,ğŸª§,placard,0
U+1FAAA,ğŸªª,âŠ› identification card,0
U+1F3E7,ğŸ§,ATM sign,0
U+1F6AE,ğŸš®,litter in bin sign,0
U+1F6B0,ğŸš°,potable water,0
U+267F,â™¿,wheelchair symbol,0
U+1F6B9,ğŸš¹,menâ€™s room,0
U+1F6BA,ğŸšº,womenâ€™s room,0
U+1F6BB,ğŸš»,restroom,0
U+1F6BC,ğŸš¼,baby symbol,0
U+1F6BE,ğŸš¾,water closet,0
U+1F6C2,ğŸ›‚,passport control,0
U+1F6C3,ğŸ›ƒ,customs,0
U+1F6C4,ğŸ›„,baggage claim,0
U+1F6C5,ğŸ›…,left luggage,0
U+26A0,âš ,warning,0
U+1F6B8,ğŸš¸,children crossing,ê¸°íƒ€ í˜ì˜¤
U+26D4,â›”,no entry,0
U+1F6AB,ğŸš«,prohibited,ê¸°íƒ€ í˜ì˜¤
U+1F6B3,ğŸš³,no bicycles,ê¸°íƒ€ í˜ì˜¤
U+1F6AD,ğŸš­,no smoking,0
U+1F6AF,ğŸš¯,no littering,0
U+1F6B1,ğŸš±,non-potable water,0
U+1F6B7,ğŸš·,no pedestrians,0
U+1F4F5,ğŸ“µ,no mobile phones,ê¸°íƒ€ í˜ì˜¤
U+1F51E,ğŸ”,no one under eighteen,0
U+2622,â˜¢,radioactive,0
U+2623,â˜£,biohazard,0
U+2B06,â¬†,up arrow,0
U+2197,â†—,up-right arrow,0
U+27A1,â¡,right arrow,0
U+2198,â†˜,down-right arrow,0
U+2B07,â¬‡,down arrow,0
U+2199,â†™,down-left arrow,0
U+2B05,â¬…,left arrow,0
U+2196,â†–,up-left arrow,0
U+2195,â†•,up-down arrow,0
U+2194,â†”,left-right arrow,0
U+21A9,â†©,right arrow curving left,0
U+21AA,â†ª,left arrow curving right,0
U+2934,â¤´,right arrow curving up,0
U+2935,â¤µ,right arrow curving down,0
U+1F503,ğŸ”ƒ,clockwise vertical arrows,0
U+1F504,ğŸ”„,counterclockwise arrows button,0
U+1F519,ğŸ”™,BACK arrow,0
U+1F51A,ğŸ”š,END arrow,0
U+1F51B,ğŸ”›,ON! arrow,0
U+1F51C,ğŸ”œ,SOON arrow,0
U+1F51D,ğŸ”,TOP arrow,0
U+1F6D0,ğŸ›,place of worship,ì¢…êµ
U+269B,âš›,atom symbol,ì¢…êµ
U+1F549,ğŸ•‰,om,ì¢…êµ
U+2721,âœ¡,star of David,ì¢…êµ
U+2638,â˜¸,wheel of dharma,ì¢…êµ
U+262F,â˜¯,yin yang,ì¢…êµ
U+271D,âœ,latin cross,ì¢…êµ
U+2626,â˜¦,orthodox cross,ì¢…êµ
U+262A,â˜ª,star and crescent,ì¢…êµ
U+262E,â˜®,peace symbol,ì¢…êµ
U+1F54E,ğŸ•,menorah,ì¢…êµ
U+1F52F,ğŸ”¯,dotted six-pointed star,ì¢…êµ
U+2648,â™ˆ,Aries,0
U+2649,â™‰,Taurus,0
U+264A,â™Š,Gemini,0
U+264B,â™‹,Cancer,0
U+264C,â™Œ,Leo,0
U+264D,â™,Virgo,0
U+264E,â™,Libra,0
U+264F,â™,Scorpio,0
U+2650,â™,Sagittarius,0
U+2651,â™‘,Capricorn,0
U+2652,â™’,Aquarius,0
U+2653,â™“,Pisces,0
U+26CE,â›,Ophiuchus,0
U+1F500,ğŸ”€,shuffle tracks button,0
U+1F501,ğŸ”,repeat button,0
U+1F502,ğŸ”‚,repeat single button,0
U+25B6,â–¶,play button,0
U+23E9,â©,fast-forward button,0
U+23ED,â­,next track button,0
U+23EF,â¯,play or pause button,0
U+25C0,â—€,reverse button,0
U+23EA,âª,fast reverse button,0
U+23EE,â®,last track button,0
U+1F53C,ğŸ”¼,upwards button,0
U+23EB,â«,fast up button,0
U+1F53D,ğŸ”½,downwards button,0
U+23EC,â¬,fast down button,0
U+23F8,â¸,pause button,0
U+23F9,â¹,stop button,0
U+23FA,âº,record button,0
U+23CF,â,eject button,0
U+1F3A6,ğŸ¦,cinema,0
U+1F505,ğŸ”…,dim button,0
U+1F506,ğŸ”†,bright button,0
U+1F4F6,ğŸ“¶,antenna bars,0
U+1F4F3,ğŸ“³,vibration mode,0
U+1F4F4,ğŸ“´,mobile phone off,0
U+2640,â™€,female sign,0
U+2642,â™‚,male sign,0
U+26A7,âš§,transgender symbol,0
U+2716,âœ–,multiply,0
U+2795,â•,plus,0
U+2796,â–,minus,0
U+2797,â—,divide,0
U+1F7F0,ğŸŸ°,âŠ› heavy equals sign,0
U+267E,â™¾,infinity,0
U+203C,â€¼,double exclamation mark,0
U+2049,â‰,exclamation question mark,0
U+2753,â“,red question mark,0
U+2754,â”,white question mark,0
U+2755,â•,white exclamation mark,0
U+2757,â—,red exclamation mark,0
U+3030,ã€°,wavy dash,0
U+1F4B1,ğŸ’±,currency exchange,0
U+1F4B2,ğŸ’²,heavy dollar sign,0
U+2695,âš•,medical symbol,0
U+267B,â™»,recycling symbol,0
U+269C,âšœ,fleur-de-lis,0
U+1F531,ğŸ”±,trident emblem,0
U+1F4DB,ğŸ“›,name badge,0
U+1F530,ğŸ”°,Japanese symbol for beginner,0
U+2B55,â­•,hollow red circle,0
U+2705,âœ…,check mark button,0
U+2611,â˜‘,check box with check,0
U+2714,âœ”,check mark,0
U+274C,âŒ,cross mark,0
U+274E,â,cross mark button,0
U+27B0,â°,curly loop,0
U+27BF,â¿,double curly loop,0
U+303D,ã€½,part alternation mark,0
U+2733,âœ³,eight-spoked asterisk,0
U+2734,âœ´,eight-pointed star,0
U+2747,â‡,sparkle,0
U+00A9,Â©,copyright,0
U+00AE,Â®,registered,0
U+2122,â„¢,trade mark,0
U+0023 ,#ï¸âƒ£,keycap: #,0
U+002A ,*ï¸âƒ£,keycap: *,0
U+0030 ,0ï¸âƒ£,keycap: 0,0
U+0031 ,1ï¸âƒ£,keycap: 1,0
U+0032 ,2ï¸âƒ£,keycap: 2,0
U+0033 ,3ï¸âƒ£,keycap: 3,0
U+0034 ,4ï¸âƒ£,keycap: 4,0
U+0035 ,5ï¸âƒ£,keycap: 5,0
U+0036 ,6ï¸âƒ£,keycap: 6,0
U+0037 ,7ï¸âƒ£,keycap: 7,0
U+0038 ,8ï¸âƒ£,keycap: 8,0
U+0039 ,9ï¸âƒ£,keycap: 9,0
U+1F51F,ğŸ”Ÿ,keycap: 10,0
U+1F520,ğŸ” ,input latin uppercase,0
U+1F521,ğŸ”¡,input latin lowercase,0
U+1F522,ğŸ”¢,input numbers,0
U+1F523,ğŸ”£,input symbols,0
U+1F524,ğŸ”¤,input latin letters,0
U+1F170,ğŸ…°,A button (blood type),0
U+1F18E,ğŸ†,AB button (blood type),0
U+1F171,ğŸ…±,B button (blood type),0
U+1F191,ğŸ†‘,CL button,0
U+1F192,ğŸ†’,COOL button,0
U+1F193,ğŸ†“,FREE button,0
U+2139,â„¹,information,0
U+1F194,ğŸ†”,ID button,0
U+24C2,â“‚,circled M,0
U+1F195,ğŸ†•,NEW button,0
U+1F196,ğŸ†–,NG button,0
U+1F17E,ğŸ…¾,O button (blood type),0
U+1F197,ğŸ†—,OK button,0
U+1F17F,ğŸ…¿,P button,0
U+1F198,ğŸ†˜,SOS button,0
U+1F199,ğŸ†™,UP! button,0
U+1F19A,ğŸ†š,VS button,0
U+1F201,ğŸˆ,Japanese â€œhereâ€ button,0
U+1F202,ğŸˆ‚,Japanese â€œservice chargeâ€ button,0
U+1F237,ğŸˆ·,Japanese â€œmonthly amountâ€ button,0
U+1F236,ğŸˆ¶,Japanese â€œnot free of chargeâ€ button,0
U+1F22F,ğŸˆ¯,Japanese â€œreservedâ€ button,0
U+1F250,ğŸ‰,Japanese â€œbargainâ€ button,0
U+1F239,ğŸˆ¹,Japanese â€œdiscountâ€ button,0
U+1F21A,ğŸˆš,Japanese â€œfree of chargeâ€ button,0
U+1F232,ğŸˆ²,Japanese â€œprohibitedâ€ button,0
U+1F251,ğŸ‰‘,Japanese â€œacceptableâ€ button,0
U+1F238,ğŸˆ¸,Japanese â€œapplicationâ€ button,0
U+1F234,ğŸˆ´,Japanese â€œpassing gradeâ€ button,0
U+1F233,ğŸˆ³,Japanese â€œvacancyâ€ button,0
U+3297,ãŠ—,Japanese â€œcongratulationsâ€ button,0
U+3299,ãŠ™,Japanese â€œsecretâ€ button,0
U+1F23A,ğŸˆº,Japanese â€œopen for businessâ€ button,0
U+1F235,ğŸˆµ,Japanese â€œno vacancyâ€ button,0
U+1F534,ğŸ”´,red circle,0
U+1F7E0,ğŸŸ ,orange circle,0
U+1F7E1,ğŸŸ¡,yellow circle,0
U+1F7E2,ğŸŸ¢,green circle,0
U+1F535,ğŸ”µ,blue circle,0
U+1F7E3,ğŸŸ£,purple circle,0
U+1F7E4,ğŸŸ¤,brown circle,0
U+26AB,âš«,black circle,0
U+26AA,âšª,white circle,0
U+1F7E5,ğŸŸ¥,red square,0
U+1F7E7,ğŸŸ§,orange square,0
U+1F7E8,ğŸŸ¨,yellow square,0
U+1F7E9,ğŸŸ©,green square,0
U+1F7E6,ğŸŸ¦,blue square,0
U+1F7EA,ğŸŸª,purple square,0
U+1F7EB,ğŸŸ«,brown square,0
U+2B1B,â¬›,black large square,0
U+2B1C,â¬œ,white large square,0
U+25FC,â—¼,black medium square,0
U+25FB,â—»,white medium square,0
U+25FE,â—¾,black medium-small square,0
U+25FD,â—½,white medium-small square,0
U+25AA,â–ª,black small square,0
U+25AB,â–«,white small square,0
U+1F536,ğŸ”¶,large orange diamond,0
U+1F537,ğŸ”·,large blue diamond,0
U+1F538,ğŸ”¸,small orange diamond,0
U+1F539,ğŸ”¹,small blue diamond,0
U+1F53A,ğŸ”º,red triangle pointed up,0
U+1F53B,ğŸ”»,red triangle pointed down,0
U+1F4A0,ğŸ’ ,diamond with a dot,0
U+1F518,ğŸ”˜,radio button,0
U+1F533,ğŸ”³,white square button,0
U+1F532,ğŸ”²,black square button,0
U+1F3C1,ğŸ,chequered flag,0
U+1F6A9,ğŸš©,triangular flag,0
U+1F38C,ğŸŒ,crossed flags,0
U+1F3F4,ğŸ´,black flag,0
U+1F3F3,ğŸ³,white flag,0
U+1F3F3,ğŸ³ï¸â€ğŸŒˆ,rainbow flag,0
U+1F3F3,ğŸ³ï¸â€âš§ï¸,transgender flag,0
U+1F3F4,ğŸ´â€â˜ ï¸,pirate flag,0
U+1F1E6,ğŸ‡¦ğŸ‡¨,flag: Ascension Island,0
U+1F1E6,ğŸ‡¦ğŸ‡©,flag: Andorra,0
U+1F1E6,ğŸ‡¦ğŸ‡ª,flag: United Arab Emirates,0
U+1F1E6,ğŸ‡¦ğŸ‡«,flag: Afghanistan,0
U+1F1E6,ğŸ‡¦ğŸ‡¬,flag: Antigua & Barbuda,0
U+1F1E6,ğŸ‡¦ğŸ‡®,flag: Anguilla,0
U+1F1E6,ğŸ‡¦ğŸ‡±,flag: Albania,0
U+1F1E6,ğŸ‡¦ğŸ‡²,flag: Armenia,0
U+1F1E6,ğŸ‡¦ğŸ‡´,flag: Angola,0
U+1F1E6,ğŸ‡¦ğŸ‡¶,flag: Antarctica,0
U+1F1E6,ğŸ‡¦ğŸ‡·,flag: Argentina,0
U+1F1E6,ğŸ‡¦ğŸ‡¸,flag: American Samoa,0
U+1F1E6,ğŸ‡¦ğŸ‡¹,flag: Austria,0
U+1F1E6,ğŸ‡¦ğŸ‡º,flag: Australia,0
U+1F1E6,ğŸ‡¦ğŸ‡¼,flag: Aruba,0
U+1F1E6,ğŸ‡¦ğŸ‡½,flag: Ã…land Islands,0
U+1F1E6,ğŸ‡¦ğŸ‡¿,flag: Azerbaijan,0
U+1F1E7,ğŸ‡§ğŸ‡¦,flag: Bosnia & Herzegovina,0
U+1F1E7,ğŸ‡§ğŸ‡§,flag: Barbados,0
U+1F1E7,ğŸ‡§ğŸ‡©,flag: Bangladesh,0
U+1F1E7,ğŸ‡§ğŸ‡ª,flag: Belgium,0
U+1F1E7,ğŸ‡§ğŸ‡«,flag: Burkina Faso,0
U+1F1E7,ğŸ‡§ğŸ‡¬,flag: Bulgaria,0
U+1F1E7,ğŸ‡§ğŸ‡­,flag: Bahrain,0
U+1F1E7,ğŸ‡§ğŸ‡®,flag: Burundi,0
U+1F1E7,ğŸ‡§ğŸ‡¯,flag: Benin,0
U+1F1E7,ğŸ‡§ğŸ‡±,flag: St. BarthÃ©lemy,0
U+1F1E7,ğŸ‡§ğŸ‡²,flag: Bermuda,0
U+1F1E7,ğŸ‡§ğŸ‡³,flag: Brunei,0
U+1F1E7,ğŸ‡§ğŸ‡´,flag: Bolivia,0
U+1F1E7,ğŸ‡§ğŸ‡¶,flag: Caribbean Netherlands,0
U+1F1E7,ğŸ‡§ğŸ‡·,flag: Brazil,0
U+1F1E7,ğŸ‡§ğŸ‡¸,flag: Bahamas,0
U+1F1E7,ğŸ‡§ğŸ‡¹,flag: Bhutan,0
U+1F1E7,ğŸ‡§ğŸ‡»,flag: Bouvet Island,0
U+1F1E7,ğŸ‡§ğŸ‡¼,flag: Botswana,0
U+1F1E7,ğŸ‡§ğŸ‡¾,flag: Belarus,0
U+1F1E7,ğŸ‡§ğŸ‡¿,flag: Belize,0
U+1F1E8,ğŸ‡¨ğŸ‡¦,flag: Canada,0
U+1F1E8,ğŸ‡¨ğŸ‡¨,flag: Cocos (Keeling) Islands,0
U+1F1E8,ğŸ‡¨ğŸ‡©,flag: Congo - Kinshasa,0
U+1F1E8,ğŸ‡¨ğŸ‡«,flag: Central African Republic,0
U+1F1E8,ğŸ‡¨ğŸ‡¬,flag: Congo - Brazzaville,0
U+1F1E8,ğŸ‡¨ğŸ‡­,flag: Switzerland,0
U+1F1E8,ğŸ‡¨ğŸ‡®,flag: CÃ´te dâ€™Ivoire,0
U+1F1E8,ğŸ‡¨ğŸ‡°,flag: Cook Islands,0
U+1F1E8,ğŸ‡¨ğŸ‡±,flag: Chile,0
U+1F1E8,ğŸ‡¨ğŸ‡²,flag: Cameroon,0
U+1F1E8,ğŸ‡¨ğŸ‡³,flag: China,0
U+1F1E8,ğŸ‡¨ğŸ‡´,flag: Colombia,0
U+1F1E8,ğŸ‡¨ğŸ‡µ,flag: Clipperton Island,0
U+1F1E8,ğŸ‡¨ğŸ‡·,flag: Costa Rica,0
U+1F1E8,ğŸ‡¨ğŸ‡º,flag: Cuba,0
U+1F1E8,ğŸ‡¨ğŸ‡»,flag: Cape Verde,0
U+1F1E8,ğŸ‡¨ğŸ‡¼,flag: CuraÃ§ao,0
U+1F1E8,ğŸ‡¨ğŸ‡½,flag: Christmas Island,0
U+1F1E8,ğŸ‡¨ğŸ‡¾,flag: Cyprus,0
U+1F1E8,ğŸ‡¨ğŸ‡¿,flag: Czechia,0
U+1F1E9,ğŸ‡©ğŸ‡ª,flag: Germany,0
U+1F1E9,ğŸ‡©ğŸ‡¬,flag: Diego Garcia,0
U+1F1E9,ğŸ‡©ğŸ‡¯,flag: Djibouti,0
U+1F1E9,ğŸ‡©ğŸ‡°,flag: Denmark,0
U+1F1E9,ğŸ‡©ğŸ‡²,flag: Dominica,0
U+1F1E9,ğŸ‡©ğŸ‡´,flag: Dominican Republic,0
U+1F1E9,ğŸ‡©ğŸ‡¿,flag: Algeria,0
U+1F1EA,ğŸ‡ªğŸ‡¦,flag: Ceuta & Melilla,0
U+1F1EA,ğŸ‡ªğŸ‡¨,flag: Ecuador,0
U+1F1EA,ğŸ‡ªğŸ‡ª,flag: Estonia,0
U+1F1EA,ğŸ‡ªğŸ‡¬,flag: Egypt,0
U+1F1EA,ğŸ‡ªğŸ‡­,flag: Western Sahara,0
U+1F1EA,ğŸ‡ªğŸ‡·,flag: Eritrea,0
U+1F1EA,ğŸ‡ªğŸ‡¸,flag: Spain,0
U+1F1EA,ğŸ‡ªğŸ‡¹,flag: Ethiopia,0
U+1F1EA,ğŸ‡ªğŸ‡º,flag: European Union,0
U+1F1EB,ğŸ‡«ğŸ‡®,flag: Finland,0
U+1F1EB,ğŸ‡«ğŸ‡¯,flag: Fiji,0
U+1F1EB,ğŸ‡«ğŸ‡°,flag: Falkland Islands,0
U+1F1EB,ğŸ‡«ğŸ‡²,flag: Micronesia,0
U+1F1EB,ğŸ‡«ğŸ‡´,flag: Faroe Islands,0
U+1F1EB,ğŸ‡«ğŸ‡·,flag: France,0
U+1F1EC,ğŸ‡¬ğŸ‡¦,flag: Gabon,0
U+1F1EC,ğŸ‡¬ğŸ‡§,flag: United Kingdom,0
U+1F1EC,ğŸ‡¬ğŸ‡©,flag: Grenada,0
U+1F1EC,ğŸ‡¬ğŸ‡ª,flag: Georgia,0
U+1F1EC,ğŸ‡¬ğŸ‡«,flag: French Guiana,0
U+1F1EC,ğŸ‡¬ğŸ‡¬,flag: Guernsey,0
U+1F1EC,ğŸ‡¬ğŸ‡­,flag: Ghana,0
U+1F1EC,ğŸ‡¬ğŸ‡®,flag: Gibraltar,0
U+1F1EC,ğŸ‡¬ğŸ‡±,flag: Greenland,0
U+1F1EC,ğŸ‡¬ğŸ‡²,flag: Gambia,0
U+1F1EC,ğŸ‡¬ğŸ‡³,flag: Guinea,0
U+1F1EC,ğŸ‡¬ğŸ‡µ,flag: Guadeloupe,0
U+1F1EC,ğŸ‡¬ğŸ‡¶,flag: Equatorial Guinea,0
U+1F1EC,ğŸ‡¬ğŸ‡·,flag: Greece,0
U+1F1EC,ğŸ‡¬ğŸ‡¸,flag: South Georgia & South Sandwich Islands,0
U+1F1EC,ğŸ‡¬ğŸ‡¹,flag: Guatemala,0
U+1F1EC,ğŸ‡¬ğŸ‡º,flag: Guam,0
U+1F1EC,ğŸ‡¬ğŸ‡¼,flag: Guinea-Bissau,0
U+1F1EC,ğŸ‡¬ğŸ‡¾,flag: Guyana,0
U+1F1ED,ğŸ‡­ğŸ‡°,flag: Hong Kong SAR China,0
U+1F1ED,ğŸ‡­ğŸ‡²,flag: Heard & McDonald Islands,0
U+1F1ED,ğŸ‡­ğŸ‡³,flag: Honduras,0
U+1F1ED,ğŸ‡­ğŸ‡·,flag: Croatia,0
U+1F1ED,ğŸ‡­ğŸ‡¹,flag: Haiti,0
U+1F1ED,ğŸ‡­ğŸ‡º,flag: Hungary,0
U+1F1EE,ğŸ‡®ğŸ‡¨,flag: Canary Islands,0
U+1F1EE,ğŸ‡®ğŸ‡©,flag: Indonesia,0
U+1F1EE,ğŸ‡®ğŸ‡ª,flag: Ireland,0
U+1F1EE,ğŸ‡®ğŸ‡±,flag: Israel,0
U+1F1EE,ğŸ‡®ğŸ‡²,flag: Isle of Man,0
U+1F1EE,ğŸ‡®ğŸ‡³,flag: India,0
U+1F1EE,ğŸ‡®ğŸ‡´,flag: British Indian Ocean Territory,0
U+1F1EE,ğŸ‡®ğŸ‡¶,flag: Iraq,0
U+1F1EE,ğŸ‡®ğŸ‡·,flag: Iran,0
U+1F1EE,ğŸ‡®ğŸ‡¸,flag: Iceland,0
U+1F1EE,ğŸ‡®ğŸ‡¹,flag: Italy,0
U+1F1EF,ğŸ‡¯ğŸ‡ª,flag: Jersey,0
U+1F1EF,ğŸ‡¯ğŸ‡²,flag: Jamaica,0
U+1F1EF,ğŸ‡¯ğŸ‡´,flag: Jordan,0
U+1F1EF,ğŸ‡¯ğŸ‡µ,flag: Japan,0
U+1F1F0,ğŸ‡°ğŸ‡ª,flag: Kenya,0
U+1F1F0,ğŸ‡°ğŸ‡¬,flag: Kyrgyzstan,0
U+1F1F0,ğŸ‡°ğŸ‡­,flag: Cambodia,0
U+1F1F0,ğŸ‡°ğŸ‡®,flag: Kiribati,0
U+1F1F0,ğŸ‡°ğŸ‡²,flag: Comoros,0
U+1F1F0,ğŸ‡°ğŸ‡³,flag: St. Kitts & Nevis,0
U+1F1F0,ğŸ‡°ğŸ‡µ,flag: North Korea,0
U+1F1F0,ğŸ‡°ğŸ‡·,flag: South Korea,0
U+1F1F0,ğŸ‡°ğŸ‡¼,flag: Kuwait,0
U+1F1F0,ğŸ‡°ğŸ‡¾,flag: Cayman Islands,0
U+1F1F0,ğŸ‡°ğŸ‡¿,flag: Kazakhstan,0
U+1F1F1,ğŸ‡±ğŸ‡¦,flag: Laos,0
U+1F1F1,ğŸ‡±ğŸ‡§,flag: Lebanon,0
U+1F1F1,ğŸ‡±ğŸ‡¨,flag: St. Lucia,0
U+1F1F1,ğŸ‡±ğŸ‡®,flag: Liechtenstein,0
U+1F1F1,ğŸ‡±ğŸ‡°,flag: Sri Lanka,0
U+1F1F1,ğŸ‡±ğŸ‡·,flag: Liberia,0
U+1F1F1,ğŸ‡±ğŸ‡¸,flag: Lesotho,0
U+1F1F1,ğŸ‡±ğŸ‡¹,flag: Lithuania,0
U+1F1F1,ğŸ‡±ğŸ‡º,flag: Luxembourg,0
U+1F1F1,ğŸ‡±ğŸ‡»,flag: Latvia,0
U+1F1F1,ğŸ‡±ğŸ‡¾,flag: Libya,0
U+1F1F2,ğŸ‡²ğŸ‡¦,flag: Morocco,0
U+1F1F2,ğŸ‡²ğŸ‡¨,flag: Monaco,0
U+1F1F2,ğŸ‡²ğŸ‡©,flag: Moldova,0
U+1F1F2,ğŸ‡²ğŸ‡ª,flag: Montenegro,0
U+1F1F2,ğŸ‡²ğŸ‡«,flag: St. Martin,0
U+1F1F2,ğŸ‡²ğŸ‡¬,flag: Madagascar,0
U+1F1F2,ğŸ‡²ğŸ‡­,flag: Marshall Islands,0
U+1F1F2,ğŸ‡²ğŸ‡°,flag: North Macedonia,0
U+1F1F2,ğŸ‡²ğŸ‡±,flag: Mali,0
U+1F1F2,ğŸ‡²ğŸ‡²,flag: Myanmar (Burma),0
U+1F1F2,ğŸ‡²ğŸ‡³,flag: Mongolia,0
U+1F1F2,ğŸ‡²ğŸ‡´,flag: Macao SAR China,0
U+1F1F2,ğŸ‡²ğŸ‡µ,flag: Northern Mariana Islands,0
U+1F1F2,ğŸ‡²ğŸ‡¶,flag: Martinique,0
U+1F1F2,ğŸ‡²ğŸ‡·,flag: Mauritania,0
U+1F1F2,ğŸ‡²ğŸ‡¸,flag: Montserrat,0
U+1F1F2,ğŸ‡²ğŸ‡¹,flag: Malta,0
U+1F1F2,ğŸ‡²ğŸ‡º,flag: Mauritius,0
U+1F1F2,ğŸ‡²ğŸ‡»,flag: Maldives,0
U+1F1F2,ğŸ‡²ğŸ‡¼,flag: Malawi,0
U+1F1F2,ğŸ‡²ğŸ‡½,flag: Mexico,0
U+1F1F2,ğŸ‡²ğŸ‡¾,flag: Malaysia,0
U+1F1F2,ğŸ‡²ğŸ‡¿,flag: Mozambique,0
U+1F1F3,ğŸ‡³ğŸ‡¦,flag: Namibia,0
U+1F1F3,ğŸ‡³ğŸ‡¨,flag: New Caledonia,0
U+1F1F3,ğŸ‡³ğŸ‡ª,flag: Niger,0
U+1F1F3,ğŸ‡³ğŸ‡«,flag: Norfolk Island,0
U+1F1F3,ğŸ‡³ğŸ‡¬,flag: Nigeria,0
U+1F1F3,ğŸ‡³ğŸ‡®,flag: Nicaragua,0
U+1F1F3,ğŸ‡³ğŸ‡±,flag: Netherlands,0
U+1F1F3,ğŸ‡³ğŸ‡´,flag: Norway,0
U+1F1F3,ğŸ‡³ğŸ‡µ,flag: Nepal,0
U+1F1F3,ğŸ‡³ğŸ‡·,flag: Nauru,0
U+1F1F3,ğŸ‡³ğŸ‡º,flag: Niue,0
U+1F1F3,ğŸ‡³ğŸ‡¿,flag: New Zealand,0
U+1F1F4,ğŸ‡´ğŸ‡²,flag: Oman,0
U+1F1F5,ğŸ‡µğŸ‡¦,flag: Panama,0
U+1F1F5,ğŸ‡µğŸ‡ª,flag: Peru,0
U+1F1F5,ğŸ‡µğŸ‡«,flag: French Polynesia,0
U+1F1F5,ğŸ‡µğŸ‡¬,flag: Papua New Guinea,0
U+1F1F5,ğŸ‡µğŸ‡­,flag: Philippines,0
U+1F1F5,ğŸ‡µğŸ‡°,flag: Pakistan,0
U+1F1F5,ğŸ‡µğŸ‡±,flag: Poland,0
U+1F1F5,ğŸ‡µğŸ‡²,flag: St. Pierre & Miquelon,0
U+1F1F5,ğŸ‡µğŸ‡³,flag: Pitcairn Islands,0
U+1F1F5,ğŸ‡µğŸ‡·,flag: Puerto Rico,0
U+1F1F5,ğŸ‡µğŸ‡¸,flag: Palestinian Territories,0
U+1F1F5,ğŸ‡µğŸ‡¹,flag: Portugal,0
U+1F1F5,ğŸ‡µğŸ‡¼,flag: Palau,0
U+1F1F5,ğŸ‡µğŸ‡¾,flag: Paraguay,0
U+1F1F6,ğŸ‡¶ğŸ‡¦,flag: Qatar,0
U+1F1F7,ğŸ‡·ğŸ‡ª,flag: RÃ©union,0
U+1F1F7,ğŸ‡·ğŸ‡´,flag: Romania,0
U+1F1F7,ğŸ‡·ğŸ‡¸,flag: Serbia,0
U+1F1F7,ğŸ‡·ğŸ‡º,flag: Russia,0
U+1F1F7,ğŸ‡·ğŸ‡¼,flag: Rwanda,0
U+1F1F8,ğŸ‡¸ğŸ‡¦,flag: Saudi Arabia,0
U+1F1F8,ğŸ‡¸ğŸ‡§,flag: Solomon Islands,0
U+1F1F8,ğŸ‡¸ğŸ‡¨,flag: Seychelles,0
U+1F1F8,ğŸ‡¸ğŸ‡©,flag: Sudan,0
U+1F1F8,ğŸ‡¸ğŸ‡ª,flag: Sweden,0
U+1F1F8,ğŸ‡¸ğŸ‡¬,flag: Singapore,0
U+1F1F8,ğŸ‡¸ğŸ‡­,flag: St. Helena,0
U+1F1F8,ğŸ‡¸ğŸ‡®,flag: Slovenia,0
U+1F1F8,ğŸ‡¸ğŸ‡¯,flag: Svalbard & Jan Mayen,0
U+1F1F8,ğŸ‡¸ğŸ‡°,flag: Slovakia,0
U+1F1F8,ğŸ‡¸ğŸ‡±,flag: Sierra Leone,0
U+1F1F8,ğŸ‡¸ğŸ‡²,flag: San Marino,0
U+1F1F8,ğŸ‡¸ğŸ‡³,flag: Senegal,0
U+1F1F8,ğŸ‡¸ğŸ‡´,flag: Somalia,0
U+1F1F8,ğŸ‡¸ğŸ‡·,flag: Suriname,0
U+1F1F8,ğŸ‡¸ğŸ‡¸,flag: South Sudan,0
U+1F1F8,ğŸ‡¸ğŸ‡¹,flag: SÃ£o TomÃ© & PrÃ­ncipe,0
U+1F1F8,ğŸ‡¸ğŸ‡»,flag: El Salvador,0
U+1F1F8,ğŸ‡¸ğŸ‡½,flag: Sint Maarten,0
U+1F1F8,ğŸ‡¸ğŸ‡¾,flag: Syria,0
U+1F1F8,ğŸ‡¸ğŸ‡¿,flag: Eswatini,0
U+1F1F9,ğŸ‡¹ğŸ‡¦,flag: Tristan da Cunha,0
U+1F1F9,ğŸ‡¹ğŸ‡¨,flag: Turks & Caicos Islands,0
U+1F1F9,ğŸ‡¹ğŸ‡©,flag: Chad,0
U+1F1F9,ğŸ‡¹ğŸ‡«,flag: French Southern Territories,0
U+1F1F9,ğŸ‡¹ğŸ‡¬,flag: Togo,0
U+1F1F9,ğŸ‡¹ğŸ‡­,flag: Thailand,0
U+1F1F9,ğŸ‡¹ğŸ‡¯,flag: Tajikistan,0
U+1F1F9,ğŸ‡¹ğŸ‡°,flag: Tokelau,0
U+1F1F9,ğŸ‡¹ğŸ‡±,flag: Timor-Leste,0
U+1F1F9,ğŸ‡¹ğŸ‡²,flag: Turkmenistan,0
U+1F1F9,ğŸ‡¹ğŸ‡³,flag: Tunisia,0
U+1F1F9,ğŸ‡¹ğŸ‡´,flag: Tonga,0
U+1F1F9,ğŸ‡¹ğŸ‡·,flag: Turkey,0
U+1F1F9,ğŸ‡¹ğŸ‡¹,flag: Trinidad & Tobago,0
U+1F1F9,ğŸ‡¹ğŸ‡»,flag: Tuvalu,0
U+1F1F9,ğŸ‡¹ğŸ‡¼,flag: Taiwan,0
U+1F1F9,ğŸ‡¹ğŸ‡¿,flag: Tanzania,0
U+1F1FA,ğŸ‡ºğŸ‡¦,flag: Ukraine,0
U+1F1FA,ğŸ‡ºğŸ‡¬,flag: Uganda,0
U+1F1FA,ğŸ‡ºğŸ‡²,flag: U.S. Outlying Islands,0
U+1F1FA,ğŸ‡ºğŸ‡³,flag: United Nations,0
U+1F1FA,ğŸ‡ºğŸ‡¸,flag: United States,0
U+1F1FA,ğŸ‡ºğŸ‡¾,flag: Uruguay,0
U+1F1FA,ğŸ‡ºğŸ‡¿,flag: Uzbekistan,0
U+1F1FB,ğŸ‡»ğŸ‡¦,flag: Vatican City,0
U+1F1FB,ğŸ‡»ğŸ‡¨,flag: St. Vincent & Grenadines,0
U+1F1FB,ğŸ‡»ğŸ‡ª,flag: Venezuela,0
U+1F1FB,ğŸ‡»ğŸ‡¬,flag: British Virgin Islands,0
U+1F1FB,ğŸ‡»ğŸ‡®,flag: U.S. Virgin Islands,0
U+1F1FB,ğŸ‡»ğŸ‡³,flag: Vietnam,0
U+1F1FB,ğŸ‡»ğŸ‡º,flag: Vanuatu,0
U+1F1FC,ğŸ‡¼ğŸ‡«,flag: Wallis & Futuna,0
U+1F1FC,ğŸ‡¼ğŸ‡¸,flag: Samoa,0
U+1F1FD,ğŸ‡½ğŸ‡°,flag: Kosovo,0
U+1F1FE,ğŸ‡¾ğŸ‡ª,flag: Yemen,0
U+1F1FE,ğŸ‡¾ğŸ‡¹,flag: Mayotte,0
U+1F1FF,ğŸ‡¿ğŸ‡¦,flag: South Africa,0
U+1F1FF,ğŸ‡¿ğŸ‡²,flag: Zambia,0
U+1F1FF,ğŸ‡¿ğŸ‡¼,flag: Zimbabwe,0
U+1F3F4,ğŸ´ó §ó ¢ó ¥ó ®ó §ó ¿,flag: England,0
U+1F3F4,ğŸ´ó §ó ¢ó ³ó £ó ´ó ¿,flag: Scotland,0
U+1F3F4,ğŸ´ó §ó ¢ó ·ó ¬ó ³ó ¿,flag: Wales,0
